board_time_us,event_type,sensor_id,seq_num,sensor_time_us,corrected_time_us,sync_state,power_health_state,gnss_fix_type,gnss_satellites,gnss_hdop,latitude_deg,longitude_deg,status_flags,power_state,vin_mv,v5_sys_mv,v5_usb_mv,v3v3_mv,port_fault,port_enabled,loss_detected,seq_gap,note,imu_ax_mg,imu_ay_mg,imu_az_mg,imu_gx_dps,imu_gy_dps,imu_gz_dps
0,PPS_EDGE,BOARD_PPS,1,0,0,LOCKED,OK,,,,,,PPS_LOCKED|VALID,NORMAL,12040,5002,5008,3304,false,true,false,,PPS authority edge,,,,,,
0,GNSS_STATUS,GNSS_F9P,2,0,0,LOCKED,OK,3D_FIX,14,0.80,31.230400,121.473700,,NORMAL,12040,5002,5008,3304,false,true,false,,GNSS status + position sample; not time authority,,,,,,
0,IMU_SAMPLE,QMI8658_1,3,0,0,LOCKED,OK,,,,,,,NORMAL,12040,5002,5008,3304,false,true,false,,,12,-6,998,-0.50,-0.30,0.20
10000,IMU_SAMPLE,QMI8658_2,4,0,10000,LOCKED,OK,,,,,,,NORMAL,12040,5002,5008,3304,false,true,false,,,13,-5,999,-0.40,-0.22,0.25
20000,IMU_SAMPLE,QMI8658_1,5,0,20000,LOCKED,OK,,,,,,,NORMAL,12040,5002,5008,3304,false,true,false,,,14,-4,1000,-0.30,-0.14,0.30
30000,IMU_SAMPLE,QMI8658_2,6,0,30000,LOCKED,OK,,,,,,,NORMAL,12040,5002,5008,3304,false,true,false,,,15,-3,1001,-0.20,-0.06,0.35
40000,IMU_SAMPLE,QMI8658_1,7,0,40000,LOCKED,OK,,,,,,,NORMAL,12040,5002,5008,3304,false,true,false,,,16,-2,998,-0.10,0.02,0.40
50000,IMU_SAMPLE,QMI8658_2,8,0,50000,LOCKED,OK,,,,,,,NORMAL,12040,5002,5008,3304,false,true,false,,,12,-1,999,0.00,0.10,0.45
60000,IMU_SAMPLE,QMI8658_1,9,0,60000,LOCKED,OK,,,,,,,NORMAL,12040,5002,5008,3304,false,true,false,,,13,0,1000,0.10,0.18,0.50
70000,IMU_SAMPLE,QMI8658_2,10,0,70000,LOCKED,OK,,,,,,,NORMAL,12040,5002,5008,3304,false,true,false,,,14,-6,1001,0.20,0.26,0.55
80000,IMU_SAMPLE,QMI8658_1,11,0,80000,LOCKED,OK,,,,,,,NORMAL,12040,5002,5008,3304,false,true,false,,,15,-5,998,0.30,0.34,0.60
90000,IMU_SAMPLE,QMI8658_2,12,0,90000,LOCKED,OK,,,,,,,NORMAL,12040,5002,5008,3304,false,true,false,,,16,-4,999,0.40,-0.30,0.65
100000,IMU_SAMPLE,QMI8658_1,13,0,100000,LOCKED,OK,,,,,,,NORMAL,12040,5002,5008,3304,false,true,false,,,12,-3,1000,0.50,-0.22,0.70
110000,IMU_SAMPLE,QMI8658_2,14,0,110000,LOCKED,OK,,,,,,,NORMAL,12040,5002,5008,3304,false,true,false,,,13,-2,1001,-0.50,-0.14,0.75
120000,IMU_SAMPLE,QMI8658_1,15,0,120000,LOCKED,OK,,,,,,,NORMAL,12040,5002,5008,3304,false,true,false,,,14,-1,998,-0.40,-0.06,0.80
130000,IMU_SAMPLE,QMI8658_2,16,0,130000,LOCKED,OK,,,,,,,NORMAL,12040,5002,5008,3304,false,true,false,,,15,0,999,-0.30,0.02,0.20
140000,IMU_SAMPLE,QMI8658_1,17,0,140000,LOCKED,OK,,,,,,,NORMAL,12040,5002,5008,3304,false,true,false,,,16,-6,1000,-0.20,0.10,0.25
150000,IMU_SAMPLE,QMI8658_2,18,0,150000,LOCKED,OK,,,,,,,NORMAL,12040,5002,5008,3304,false,true,false,,,12,-5,1001,-0.10,0.18,0.30
160000,IMU_SAMPLE,QMI8658_1,19,0,160000,LOCKED,OK,,,,,,,NORMAL,12040,5002,5008,3304,false,true,false,,,13,-4,998,0.00,0.26,0.35
170000,IMU_SAMPLE,QMI8658_2,20,0,170000,LOCKED,OK,,,,,,,NORMAL,12040,5002,5008,3304,false,true,false,,,14,-3,999,0.10,0.34,0.40
180000,IMU_SAMPLE,QMI8658_1,21,0,180000,LOCKED,OK,,,,,,,NORMAL,12040,5002,5008,3304,false,true,false,,,15,-2,1000,0.20,-0.30,0.45
190000,IMU_SAMPLE,QMI8658_2,22,0,190000,LOCKED,OK,,,,,,,NORMAL,12040,5002,5008,3304,false,true,false,,,16,-1,1001,0.30,-0.22,0.50
200000,IMU_SAMPLE,QMI8658_1,23,0,200000,LOCKED,OK,,,,,,,NORMAL,12040,5002,5008,3304,false,true,false,,,12,0,998,0.40,-0.14,0.55
210000,IMU_SAMPLE,QMI8658_2,24,0,210000,LOCKED,OK,,,,,,,NORMAL,12040,5002,5008,3304,false,true,false,,,13,-6,999,0.50,-0.06,0.60
220000,IMU_SAMPLE,QMI8658_1,25,0,220000,LOCKED,OK,,,,,,,NORMAL,12040,5002,5008,3304,false,true,false,,,14,-5,1000,-0.50,0.02,0.65
230000,IMU_SAMPLE,QMI8658_2,26,0,230000,LOCKED,OK,,,,,,,NORMAL,12040,5002,5008,3304,false,true,false,,,15,-4,1001,-0.40,0.10,0.70
240000,IMU_SAMPLE,QMI8658_1,27,0,240000,LOCKED,OK,,,,,,,NORMAL,12040,5002,5008,3304,false,true,false,,,16,-3,998,-0.30,0.18,0.75
250000,IMU_SAMPLE,QMI8658_2,28,0,250000,LOCKED,OK,,,,,,,NORMAL,12040,5002,5008,3304,false,true,false,,,12,-2,999,-0.20,0.26,0.80
260000,IMU_SAMPLE,QMI8658_1,29,0,260000,LOCKED,OK,,,,,,,NORMAL,12040,5002,5008,3304,false,true,false,,,13,-1,1000,-0.10,0.34,0.20
270000,IMU_SAMPLE,QMI8658_2,30,0,270000,LOCKED,OK,,,,,,,NORMAL,12040,5002,5008,3304,false,true,false,,,14,0,1001,0.00,-0.30,0.25
280000,IMU_SAMPLE,QMI8658_1,31,0,280000,LOCKED,OK,,,,,,,NORMAL,12040,5002,5008,3304,false,true,false,,,15,-6,998,0.10,-0.22,0.30
290000,IMU_SAMPLE,QMI8658_2,32,0,290000,LOCKED,OK,,,,,,,NORMAL,12040,5002,5008,3304,false,true,false,,,16,-5,999,0.20,-0.14,0.35
300000,IMU_SAMPLE,QMI8658_1,33,0,300000,LOCKED,OK,,,,,,,NORMAL,12040,5002,5008,3304,false,true,false,,,12,-4,1000,0.30,-0.06,0.40
310000,IMU_SAMPLE,QMI8658_2,34,0,310000,LOCKED,OK,,,,,,,NORMAL,12040,5002,5008,3304,false,true,false,,,13,-3,1001,0.40,0.02,0.45
320000,IMU_SAMPLE,QMI8658_1,35,0,320000,LOCKED,OK,,,,,,,NORMAL,12040,5002,5008,3304,false,true,false,,,14,-2,998,0.50,0.10,0.50
330000,IMU_SAMPLE,QMI8658_2,36,0,330000,LOCKED,OK,,,,,,,NORMAL,12040,5002,5008,3304,false,true,false,,,15,-1,999,-0.50,0.18,0.55
340000,IMU_SAMPLE,QMI8658_1,37,0,340000,LOCKED,OK,,,,,,,NORMAL,12040,5002,5008,3304,false,true,false,,,16,0,1000,-0.40,0.26,0.60
350000,IMU_SAMPLE,QMI8658_2,38,0,350000,LOCKED,OK,,,,,,,NORMAL,12040,5002,5008,3304,false,true,false,,,12,-6,1001,-0.30,0.34,0.65
360000,IMU_SAMPLE,QMI8658_1,39,0,360000,LOCKED,OK,,,,,,,NORMAL,12040,5002,5008,3304,false,true,false,,,13,-5,998,-0.20,-0.30,0.70
370000,IMU_SAMPLE,QMI8658_2,40,0,370000,LOCKED,OK,,,,,,,NORMAL,12040,5002,5008,3304,false,true,false,,,14,-4,999,-0.10,-0.22,0.75
380000,IMU_SAMPLE,QMI8658_1,41,0,380000,LOCKED,OK,,,,,,,NORMAL,12040,5002,5008,3304,false,true,false,,,15,-3,1000,0.00,-0.14,0.80
390000,IMU_SAMPLE,QMI8658_2,42,0,390000,LOCKED,OK,,,,,,,NORMAL,12040,5002,5008,3304,false,true,false,,,16,-2,1001,0.10,-0.06,0.20
400000,IMU_SAMPLE,QMI8658_1,43,0,400000,LOCKED,OK,,,,,,,NORMAL,12040,5002,5008,3304,false,true,false,,,12,-1,998,0.20,0.02,0.25
410000,IMU_SAMPLE,QMI8658_2,44,0,410000,LOCKED,OK,,,,,,,NORMAL,12040,5002,5008,3304,false,true,false,,,13,0,999,0.30,0.10,0.30
420000,IMU_SAMPLE,QMI8658_1,45,0,420000,LOCKED,OK,,,,,,,NORMAL,12040,5002,5008,3304,false,true,false,,,14,-6,1000,0.40,0.18,0.35
430000,IMU_SAMPLE,QMI8658_2,46,0,430000,LOCKED,OK,,,,,,,NORMAL,12040,5002,5008,3304,false,true,false,,,15,-5,1001,0.50,0.26,0.40
440000,IMU_SAMPLE,QMI8658_1,47,0,440000,LOCKED,OK,,,,,,,NORMAL,12040,5002,5008,3304,false,true,false,,,16,-4,998,-0.50,0.34,0.45
450000,IMU_SAMPLE,QMI8658_2,48,0,450000,LOCKED,OK,,,,,,,NORMAL,12040,5002,5008,3304,false,true,false,,,12,-3,999,-0.40,-0.30,0.50
460000,IMU_SAMPLE,QMI8658_1,49,0,460000,LOCKED,OK,,,,,,,NORMAL,12040,5002,5008,3304,false,true,false,,,13,-2,1000,-0.30,-0.22,0.55
470000,IMU_SAMPLE,QMI8658_2,50,0,470000,LOCKED,OK,,,,,,,NORMAL,12040,5002,5008,3304,false,true,false,,,14,-1,1001,-0.20,-0.14,0.60
480000,IMU_SAMPLE,QMI8658_1,51,0,480000,LOCKED,OK,,,,,,,NORMAL,12040,5002,5008,3304,false,true,false,,,15,0,998,-0.10,-0.06,0.65
490000,IMU_SAMPLE,QMI8658_2,52,0,490000,LOCKED,OK,,,,,,,NORMAL,12040,5002,5008,3304,false,true,false,,,16,-6,999,0.00,0.02,0.70
500000,IMU_SAMPLE,QMI8658_1,53,0,500000,LOCKED,OK,,,,,,,NORMAL,12040,5002,5008,3304,false,true,false,,,12,-5,1000,0.10,0.10,0.75
510000,IMU_SAMPLE,QMI8658_2,54,0,510000,LOCKED,OK,,,,,,,NORMAL,12040,5002,5008,3304,false,true,false,,,13,-4,1001,0.20,0.18,0.80
520000,IMU_SAMPLE,QMI8658_1,55,0,520000,LOCKED,OK,,,,,,,NORMAL,12040,5002,5008,3304,false,true,false,,,14,-3,998,0.30,0.26,0.20
530000,IMU_SAMPLE,QMI8658_2,56,0,530000,LOCKED,OK,,,,,,,NORMAL,12040,5002,5008,3304,false,true,false,,,15,-2,999,0.40,0.34,0.25
540000,IMU_SAMPLE,QMI8658_1,57,0,540000,LOCKED,OK,,,,,,,NORMAL,12040,5002,5008,3304,false,true,false,,,16,-1,1000,0.50,-0.30,0.30
550000,IMU_SAMPLE,QMI8658_2,58,0,550000,LOCKED,OK,,,,,,,NORMAL,12040,5002,5008,3304,false,true,false,,,12,0,1001,-0.50,-0.22,0.35
560000,IMU_SAMPLE,QMI8658_1,59,0,560000,LOCKED,OK,,,,,,,NORMAL,12040,5002,5008,3304,false,true,false,,,13,-6,998,-0.40,-0.14,0.40
570000,IMU_SAMPLE,QMI8658_2,60,0,570000,LOCKED,OK,,,,,,,NORMAL,12040,5002,5008,3304,false,true,false,,,14,-5,999,-0.30,-0.06,0.45
580000,IMU_SAMPLE,QMI8658_1,61,0,580000,LOCKED,OK,,,,,,,NORMAL,12040,5002,5008,3304,false,true,false,,,15,-4,1000,-0.20,0.02,0.50
590000,IMU_SAMPLE,QMI8658_2,62,0,590000,LOCKED,OK,,,,,,,NORMAL,12040,5002,5008,3304,false,true,false,,,16,-3,1001,-0.10,0.10,0.55
600000,IMU_SAMPLE,QMI8658_1,63,0,600000,LOCKED,OK,,,,,,,NORMAL,12040,5002,5008,3304,false,true,false,,,12,-2,998,0.00,0.18,0.60
610000,IMU_SAMPLE,QMI8658_2,64,0,610000,LOCKED,OK,,,,,,,NORMAL,12040,5002,5008,3304,false,true,false,,,13,-1,999,0.10,0.26,0.65
620000,IMU_SAMPLE,QMI8658_1,65,0,620000,LOCKED,OK,,,,,,,NORMAL,12040,5002,5008,3304,false,true,false,,,14,0,1000,0.20,0.34,0.70
630000,IMU_SAMPLE,QMI8658_2,66,0,630000,LOCKED,OK,,,,,,,NORMAL,12040,5002,5008,3304,false,true,false,,,15,-6,1001,0.30,-0.30,0.75
640000,IMU_SAMPLE,QMI8658_1,67,0,640000,LOCKED,OK,,,,,,,NORMAL,12040,5002,5008,3304,false,true,false,,,16,-5,998,0.40,-0.22,0.80
650000,IMU_SAMPLE,QMI8658_2,68,0,650000,LOCKED,OK,,,,,,,NORMAL,12040,5002,5008,3304,false,true,false,,,12,-4,999,0.50,-0.14,0.20
660000,IMU_SAMPLE,QMI8658_1,69,0,660000,LOCKED,OK,,,,,,,NORMAL,12040,5002,5008,3304,false,true,false,,,13,-3,1000,-0.50,-0.06,0.25
670000,IMU_SAMPLE,QMI8658_2,70,0,670000,LOCKED,OK,,,,,,,NORMAL,12040,5002,5008,3304,false,true,false,,,14,-2,1001,-0.40,0.02,0.30
680000,IMU_SAMPLE,QMI8658_1,71,0,680000,LOCKED,OK,,,,,,,NORMAL,12040,5002,5008,3304,false,true,false,,,15,-1,998,-0.30,0.10,0.35
690000,IMU_SAMPLE,QMI8658_2,72,0,690000,LOCKED,OK,,,,,,,NORMAL,12040,5002,5008,3304,false,true,false,,,16,0,999,-0.20,0.18,0.40
700000,IMU_SAMPLE,QMI8658_1,73,0,700000,LOCKED,OK,,,,,,,NORMAL,12040,5002,5008,3304,false,true,false,,,12,-6,1000,-0.10,0.26,0.45
710000,IMU_SAMPLE,QMI8658_2,74,0,710000,LOCKED,OK,,,,,,,NORMAL,12040,5002,5008,3304,false,true,false,,,13,-5,1001,0.00,0.34,0.50
720000,IMU_SAMPLE,QMI8658_1,75,0,720000,LOCKED,OK,,,,,,,NORMAL,12040,5002,5008,3304,false,true,false,,,14,-4,998,0.10,-0.30,0.55
730000,IMU_SAMPLE,QMI8658_2,76,0,730000,LOCKED,OK,,,,,,,NORMAL,12040,5002,5008,3304,false,true,false,,,15,-3,999,0.20,-0.22,0.60
740000,IMU_SAMPLE,QMI8658_1,77,0,740000,LOCKED,OK,,,,,,,NORMAL,12040,5002,5008,3304,false,true,false,,,16,-2,1000,0.30,-0.14,0.65
750000,IMU_SAMPLE,QMI8658_2,78,0,750000,LOCKED,OK,,,,,,,NORMAL,12040,5002,5008,3304,false,true,false,,,12,-1,1001,0.40,-0.06,0.70
760000,IMU_SAMPLE,QMI8658_1,79,0,760000,LOCKED,OK,,,,,,,NORMAL,12040,5002,5008,3304,false,true,false,,,13,0,998,0.50,0.02,0.75
770000,IMU_SAMPLE,QMI8658_2,80,0,770000,LOCKED,OK,,,,,,,NORMAL,12040,5002,5008,3304,false,true,false,,,14,-6,999,-0.50,0.10,0.80
780000,IMU_SAMPLE,QMI8658_1,81,0,780000,LOCKED,OK,,,,,,,NORMAL,12040,5002,5008,3304,false,true,false,,,15,-5,1000,-0.40,0.18,0.20
790000,IMU_SAMPLE,QMI8658_2,82,0,790000,LOCKED,OK,,,,,,,NORMAL,12040,5002,5008,3304,false,true,false,,,16,-4,1001,-0.30,0.26,0.25
800000,IMU_SAMPLE,QMI8658_1,83,0,800000,LOCKED,OK,,,,,,,NORMAL,12040,5002,5008,3304,false,true,false,,,12,-3,998,-0.20,0.34,0.30
810000,IMU_SAMPLE,QMI8658_2,84,0,810000,LOCKED,OK,,,,,,,NORMAL,12040,5002,5008,3304,false,true,false,,,13,-2,999,-0.10,-0.30,0.35
820000,IMU_SAMPLE,QMI8658_1,85,0,820000,LOCKED,OK,,,,,,,NORMAL,12040,5002,5008,3304,false,true,false,,,14,-1,1000,0.00,-0.22,0.40
830000,IMU_SAMPLE,QMI8658_2,86,0,830000,LOCKED,OK,,,,,,,NORMAL,12040,5002,5008,3304,false,true,false,,,15,0,1001,0.10,-0.14,0.45
840000,IMU_SAMPLE,QMI8658_1,87,0,840000,LOCKED,OK,,,,,,,NORMAL,12040,5002,5008,3304,false,true,false,,,16,-6,998,0.20,-0.06,0.50
850000,IMU_SAMPLE,QMI8658_2,88,0,850000,LOCKED,OK,,,,,,,NORMAL,12040,5002,5008,3304,false,true,false,,,12,-5,999,0.30,0.02,0.55
860000,IMU_SAMPLE,QMI8658_1,89,0,860000,LOCKED,OK,,,,,,,NORMAL,12040,5002,5008,3304,false,true,false,,,13,-4,1000,0.40,0.10,0.60
870000,IMU_SAMPLE,QMI8658_2,90,0,870000,LOCKED,OK,,,,,,,NORMAL,12040,5002,5008,3304,false,true,false,,,14,-3,1001,0.50,0.18,0.65
880000,IMU_SAMPLE,QMI8658_1,91,0,880000,LOCKED,OK,,,,,,,NORMAL,12040,5002,5008,3304,false,true,false,,,15,-2,998,-0.50,0.26,0.70
890000,IMU_SAMPLE,QMI8658_2,92,0,890000,LOCKED,OK,,,,,,,NORMAL,12040,5002,5008,3304,false,true,false,,,16,-1,999,-0.40,0.34,0.75
900000,IMU_SAMPLE,QMI8658_1,93,0,900000,LOCKED,OK,,,,,,,NORMAL,12040,5002,5008,3304,false,true,false,,,12,0,1000,-0.30,-0.30,0.80
910000,IMU_SAMPLE,QMI8658_2,94,0,910000,LOCKED,OK,,,,,,,NORMAL,12040,5002,5008,3304,false,true,false,,,13,-6,1001,-0.20,-0.22,0.20
920000,IMU_SAMPLE,QMI8658_1,95,0,920000,LOCKED,OK,,,,,,,NORMAL,12040,5002,5008,3304,false,true,false,,,14,-5,998,-0.10,-0.14,0.25
930000,IMU_SAMPLE,QMI8658_2,96,0,930000,LOCKED,OK,,,,,,,NORMAL,12040,5002,5008,3304,false,true,false,,,15,-4,999,0.00,-0.06,0.30
940000,IMU_SAMPLE,QMI8658_1,97,0,940000,LOCKED,OK,,,,,,,NORMAL,12040,5002,5008,3304,false,true,false,,,16,-3,1000,0.10,0.02,0.35
950000,IMU_SAMPLE,QMI8658_2,98,0,950000,LOCKED,OK,,,,,,,NORMAL,12040,5002,5008,3304,false,true,false,,,12,-2,1001,0.20,0.10,0.40
960000,IMU_SAMPLE,QMI8658_1,99,0,960000,LOCKED,OK,,,,,,,NORMAL,12040,5002,5008,3304,false,true,false,,,13,-1,998,0.30,0.18,0.45
970000,IMU_SAMPLE,QMI8658_2,100,0,970000,LOCKED,OK,,,,,,,NORMAL,12040,5002,5008,3304,false,true,false,,,14,0,999,0.40,0.26,0.50
980000,IMU_SAMPLE,QMI8658_1,101,0,980000,LOCKED,OK,,,,,,,NORMAL,12040,5002,5008,3304,false,true,false,,,15,-6,1000,0.50,0.34,0.55
990000,IMU_SAMPLE,QMI8658_2,102,0,990000,LOCKED,OK,,,,,,,NORMAL,12040,5002,5008,3304,false,true,false,,,16,-5,1001,-0.50,-0.30,0.60
1000000,PPS_EDGE,BOARD_PPS,103,1000000,1000000,LOCKED,OK,,,,,,PPS_LOCKED|VALID,NORMAL,12040,5002,5008,3304,false,true,false,,PPS authority edge,,,,,,
1000000,GNSS_STATUS,GNSS_F9P,104,1000000,1000000,LOCKED,OK,3D_FIX,15,0.83,31.230410,121.473715,,NORMAL,12040,5002,5008,3304,false,true,false,,GNSS status + position sample; not time authority,,,,,,
1000000,IMU_SAMPLE,QMI8658_1,105,0,1000000,LOCKED,OK,,,,,,,NORMAL,12040,5002,5008,3304,false,true,false,,,12,-4,998,-0.40,-0.22,0.65
1010000,IMU_SAMPLE,QMI8658_2,106,0,1010000,LOCKED,OK,,,,,,,NORMAL,12040,5002,5008,3304,false,true,false,,,13,-3,999,-0.30,-0.14,0.70
1020000,IMU_SAMPLE,QMI8658_1,107,0,1020000,LOCKED,OK,,,,,,,NORMAL,12040,5002,5008,3304,false,true,false,,,14,-2,1000,-0.20,-0.06,0.75
1030000,IMU_SAMPLE,QMI8658_2,108,0,1030000,LOCKED,OK,,,,,,,NORMAL,12040,5002,5008,3304,false,true,false,,,15,-1,1001,-0.10,0.02,0.80
1040000,IMU_SAMPLE,QMI8658_1,109,0,1040000,LOCKED,OK,,,,,,,NORMAL,12040,5002,5008,3304,false,true,false,,,16,0,998,0.00,0.10,0.20
1050000,IMU_SAMPLE,QMI8658_2,110,0,1050000,LOCKED,OK,,,,,,,NORMAL,12040,5002,5008,3304,false,true,false,,,12,-6,999,0.10,0.18,0.25
1060000,IMU_SAMPLE,QMI8658_1,111,0,1060000,LOCKED,OK,,,,,,,NORMAL,12040,5002,5008,3304,false,true,false,,,13,-5,1000,0.20,0.26,0.30
1070000,IMU_SAMPLE,QMI8658_2,112,0,1070000,LOCKED,OK,,,,,,,NORMAL,12040,5002,5008,3304,false,true,false,,,14,-4,1001,0.30,0.34,0.35
1080000,IMU_SAMPLE,QMI8658_1,113,0,1080000,LOCKED,OK,,,,,,,NORMAL,12040,5002,5008,3304,false,true,false,,,15,-3,998,0.40,-0.30,0.40
1090000,IMU_SAMPLE,QMI8658_2,114,0,1090000,LOCKED,OK,,,,,,,NORMAL,12040,5002,5008,3304,false,true,false,,,16,-2,999,0.50,-0.22,0.45
1100000,IMU_SAMPLE,QMI8658_1,115,0,1100000,LOCKED,OK,,,,,,,NORMAL,12040,5002,5008,3304,false,true,false,,,12,-1,1000,-0.50,-0.14,0.50
1110000,IMU_SAMPLE,QMI8658_2,116,0,1110000,LOCKED,OK,,,,,,,NORMAL,12040,5002,5008,3304,false,true,false,,,13,0,1001,-0.40,-0.06,0.55
1120000,IMU_SAMPLE,QMI8658_1,117,0,1120000,LOCKED,OK,,,,,,,NORMAL,12040,5002,5008,3304,false,true,false,,,14,-6,998,-0.30,0.02,0.60
1130000,IMU_SAMPLE,QMI8658_2,118,0,1130000,LOCKED,OK,,,,,,,NORMAL,12040,5002,5008,3304,false,true,false,,,15,-5,999,-0.20,0.10,0.65
1140000,IMU_SAMPLE,QMI8658_1,119,0,1140000,LOCKED,OK,,,,,,,NORMAL,12040,5002,5008,3304,false,true,false,,,16,-4,1000,-0.10,0.18,0.70
1150000,IMU_SAMPLE,QMI8658_2,120,0,1150000,LOCKED,OK,,,,,,,NORMAL,12040,5002,5008,3304,false,true,false,,,12,-3,1001,0.00,0.26,0.75
1160000,IMU_SAMPLE,QMI8658_1,121,0,1160000,LOCKED,OK,,,,,,,NORMAL,12040,5002,5008,3304,false,true,false,,,13,-2,998,0.10,0.34,0.80
1170000,IMU_SAMPLE,QMI8658_2,122,0,1170000,LOCKED,OK,,,,,,,NORMAL,12040,5002,5008,3304,false,true,false,,,14,-1,999,0.20,-0.30,0.20
1180000,IMU_SAMPLE,QMI8658_1,123,0,1180000,LOCKED,OK,,,,,,,NORMAL,12040,5002,5008,3304,false,true,false,,,15,0,1000,0.30,-0.22,0.25
1190000,IMU_SAMPLE,QMI8658_2,124,0,1190000,LOCKED,OK,,,,,,,NORMAL,12040,5002,5008,3304,false,true,false,,,16,-6,1001,0.40,-0.14,0.30
1200000,IMU_SAMPLE,QMI8658_1,125,0,1200000,LOCKED,OK,,,,,,,NORMAL,12040,5002,5008,3304,false,true,false,,,12,-5,998,0.50,-0.06,0.35
1210000,IMU_SAMPLE,QMI8658_2,126,0,1210000,LOCKED,OK,,,,,,,NORMAL,12040,5002,5008,3304,false,true,false,,,13,-4,999,-0.50,0.02,0.40
1220000,IMU_SAMPLE,QMI8658_1,127,0,1220000,LOCKED,OK,,,,,,,NORMAL,12040,5002,5008,3304,false,true,false,,,14,-3,1000,-0.40,0.10,0.45
1230000,IMU_SAMPLE,QMI8658_2,128,0,1230000,LOCKED,OK,,,,,,,NORMAL,12040,5002,5008,3304,false,true,false,,,15,-2,1001,-0.30,0.18,0.50
1240000,IMU_SAMPLE,QMI8658_1,129,0,1240000,LOCKED,OK,,,,,,,NORMAL,12040,5002,5008,3304,false,true,false,,,16,-1,998,-0.20,0.26,0.55
1250000,IMU_SAMPLE,QMI8658_2,130,0,1250000,LOCKED,OK,,,,,,,NORMAL,12040,5002,5008,3304,false,true,false,,,12,0,999,-0.10,0.34,0.60
1260000,IMU_SAMPLE,QMI8658_1,131,0,1260000,LOCKED,OK,,,,,,,NORMAL,12040,5002,5008,3304,false,true,false,,,13,-6,1000,0.00,-0.30,0.65
1270000,IMU_SAMPLE,QMI8658_2,132,0,1270000,LOCKED,OK,,,,,,,NORMAL,12040,5002,5008,3304,false,true,false,,,14,-5,1001,0.10,-0.22,0.70
1280000,IMU_SAMPLE,QMI8658_1,133,0,1280000,LOCKED,OK,,,,,,,NORMAL,12040,5002,5008,3304,false,true,false,,,15,-4,998,0.20,-0.14,0.75
1290000,IMU_SAMPLE,QMI8658_2,134,0,1290000,LOCKED,OK,,,,,,,NORMAL,12040,5002,5008,3304,false,true,false,,,16,-3,999,0.30,-0.06,0.80
1300000,IMU_SAMPLE,QMI8658_1,135,0,1300000,LOCKED,OK,,,,,,,NORMAL,12040,5002,5008,3304,false,true,false,,,12,-2,1000,0.40,0.02,0.20
1310000,IMU_SAMPLE,QMI8658_2,136,0,1310000,LOCKED,OK,,,,,,,NORMAL,12040,5002,5008,3304,false,true,false,,,13,-1,1001,0.50,0.10,0.25
1320000,IMU_SAMPLE,QMI8658_1,137,0,1320000,LOCKED,OK,,,,,,,NORMAL,12040,5002,5008,3304,false,true,false,,,14,0,998,-0.50,0.18,0.30
1330000,IMU_SAMPLE,QMI8658_2,138,0,1330000,LOCKED,OK,,,,,,,NORMAL,12040,5002,5008,3304,false,true,false,,,15,-6,999,-0.40,0.26,0.35
1340000,IMU_SAMPLE,QMI8658_1,139,0,1340000,LOCKED,OK,,,,,,,NORMAL,12040,5002,5008,3304,false,true,false,,,16,-5,1000,-0.30,0.34,0.40
1350000,IMU_SAMPLE,QMI8658_2,140,0,1350000,LOCKED,OK,,,,,,,NORMAL,12040,5002,5008,3304,false,true,false,,,12,-4,1001,-0.20,-0.30,0.45
1360000,IMU_SAMPLE,QMI8658_1,141,0,1360000,LOCKED,OK,,,,,,,NORMAL,12040,5002,5008,3304,false,true,false,,,13,-3,998,-0.10,-0.22,0.50
1370000,IMU_SAMPLE,QMI8658_2,142,0,1370000,LOCKED,OK,,,,,,,NORMAL,12040,5002,5008,3304,false,true,false,,,14,-2,999,0.00,-0.14,0.55
1380000,IMU_SAMPLE,QMI8658_1,143,0,1380000,LOCKED,OK,,,,,,,NORMAL,12040,5002,5008,3304,false,true,false,,,15,-1,1000,0.10,-0.06,0.60
1390000,IMU_SAMPLE,QMI8658_2,144,0,1390000,LOCKED,OK,,,,,,,NORMAL,12040,5002,5008,3304,false,true,false,,,16,0,1001,0.20,0.02,0.65
1400000,IMU_SAMPLE,QMI8658_1,145,0,1400000,LOCKED,OK,,,,,,,NORMAL,12040,5002,5008,3304,false,true,false,,,12,-6,998,0.30,0.10,0.70
1410000,IMU_SAMPLE,QMI8658_2,146,0,1410000,LOCKED,OK,,,,,,,NORMAL,12040,5002,5008,3304,false,true,false,,,13,-5,999,0.40,0.18,0.75
1420000,IMU_SAMPLE,QMI8658_1,147,0,1420000,LOCKED,OK,,,,,,,NORMAL,12040,5002,5008,3304,false,true,false,,,14,-4,1000,0.50,0.26,0.80
1430000,IMU_SAMPLE,QMI8658_2,148,0,1430000,LOCKED,OK,,,,,,,NORMAL,12040,5002,5008,3304,false,true,false,,,15,-3,1001,-0.50,0.34,0.20
1440000,IMU_SAMPLE,QMI8658_1,149,0,1440000,LOCKED,OK,,,,,,,NORMAL,12040,5002,5008,3304,false,true,false,,,16,-2,998,-0.40,-0.30,0.25
1450000,IMU_SAMPLE,QMI8658_2,150,0,1450000,LOCKED,OK,,,,,,,NORMAL,12040,5002,5008,3304,false,true,false,,,12,-1,999,-0.30,-0.22,0.30
1460000,IMU_SAMPLE,QMI8658_1,151,0,1460000,LOCKED,OK,,,,,,,NORMAL,12040,5002,5008,3304,false,true,false,,,13,0,1000,-0.20,-0.14,0.35
1470000,IMU_SAMPLE,QMI8658_2,152,0,1470000,LOCKED,OK,,,,,,,NORMAL,12040,5002,5008,3304,false,true,false,,,14,-6,1001,-0.10,-0.06,0.40
1480000,IMU_SAMPLE,QMI8658_1,153,0,1480000,LOCKED,OK,,,,,,,NORMAL,12040,5002,5008,3304,false,true,false,,,15,-5,998,0.00,0.02,0.45
1490000,IMU_SAMPLE,QMI8658_2,154,0,1490000,LOCKED,OK,,,,,,,NORMAL,12040,5002,5008,3304,false,true,false,,,16,-4,999,0.10,0.10,0.50
1500000,IMU_SAMPLE,QMI8658_1,155,0,1500000,LOCKED,OK,,,,,,,NORMAL,12040,5002,5008,3304,false,true,false,,,12,-3,1000,0.20,0.18,0.55
1510000,IMU_SAMPLE,QMI8658_2,156,0,1510000,LOCKED,OK,,,,,,,NORMAL,12040,5002,5008,3304,false,true,false,,,13,-2,1001,0.30,0.26,0.60
1520000,IMU_SAMPLE,QMI8658_1,157,0,1520000,LOCKED,OK,,,,,,,NORMAL,12040,5002,5008,3304,false,true,false,,,14,-1,998,0.40,0.34,0.65
1530000,IMU_SAMPLE,QMI8658_2,158,0,1530000,LOCKED,OK,,,,,,,NORMAL,12040,5002,5008,3304,false,true,false,,,15,0,999,0.50,-0.30,0.70
1540000,IMU_SAMPLE,QMI8658_1,159,0,1540000,LOCKED,OK,,,,,,,NORMAL,12040,5002,5008,3304,false,true,false,,,16,-6,1000,-0.50,-0.22,0.75
1550000,IMU_SAMPLE,QMI8658_2,160,0,1550000,LOCKED,OK,,,,,,,NORMAL,12040,5002,5008,3304,false,true,false,,,12,-5,1001,-0.40,-0.14,0.80
1560000,IMU_SAMPLE,QMI8658_1,161,0,1560000,LOCKED,OK,,,,,,,NORMAL,12040,5002,5008,3304,false,true,false,,,13,-4,998,-0.30,-0.06,0.20
1570000,IMU_SAMPLE,QMI8658_2,162,0,1570000,LOCKED,OK,,,,,,,NORMAL,12040,5002,5008,3304,false,true,false,,,14,-3,999,-0.20,0.02,0.25
1580000,IMU_SAMPLE,QMI8658_1,163,0,1580000,LOCKED,OK,,,,,,,NORMAL,12040,5002,5008,3304,false,true,false,,,15,-2,1000,-0.10,0.10,0.30
1590000,IMU_SAMPLE,QMI8658_2,164,0,1590000,LOCKED,OK,,,,,,,NORMAL,12040,5002,5008,3304,false,true,false,,,16,-1,1001,0.00,0.18,0.35
1600000,IMU_SAMPLE,QMI8658_1,165,0,1600000,LOCKED,OK,,,,,,,NORMAL,12040,5002,5008,3304,false,true,false,,,12,0,998,0.10,0.26,0.40
1610000,IMU_SAMPLE,QMI8658_2,166,0,1610000,LOCKED,OK,,,,,,,NORMAL,12040,5002,5008,3304,false,true,false,,,13,-6,999,0.20,0.34,0.45
1620000,IMU_SAMPLE,QMI8658_1,167,0,1620000,LOCKED,OK,,,,,,,NORMAL,12040,5002,5008,3304,false,true,false,,,14,-5,1000,0.30,-0.30,0.50
1630000,IMU_SAMPLE,QMI8658_2,168,0,1630000,LOCKED,OK,,,,,,,NORMAL,12040,5002,5008,3304,false,true,false,,,15,-4,1001,0.40,-0.22,0.55
1640000,IMU_SAMPLE,QMI8658_1,169,0,1640000,LOCKED,OK,,,,,,,NORMAL,12040,5002,5008,3304,false,true,false,,,16,-3,998,0.50,-0.14,0.60
1650000,IMU_SAMPLE,QMI8658_2,170,0,1650000,LOCKED,OK,,,,,,,NORMAL,12040,5002,5008,3304,false,true,false,,,12,-2,999,-0.50,-0.06,0.65
1660000,IMU_SAMPLE,QMI8658_1,171,0,1660000,LOCKED,OK,,,,,,,NORMAL,12040,5002,5008,3304,false,true,false,,,13,-1,1000,-0.40,0.02,0.70
1670000,IMU_SAMPLE,QMI8658_2,172,0,1670000,LOCKED,OK,,,,,,,NORMAL,12040,5002,5008,3304,false,true,false,,,14,0,1001,-0.30,0.10,0.75
1680000,IMU_SAMPLE,QMI8658_1,173,0,1680000,LOCKED,OK,,,,,,,NORMAL,12040,5002,5008,3304,false,true,false,,,15,-6,998,-0.20,0.18,0.80
1690000,IMU_SAMPLE,QMI8658_2,174,0,1690000,LOCKED,OK,,,,,,,NORMAL,12040,5002,5008,3304,false,true,false,,,16,-5,999,-0.10,0.26,0.20
1700000,IMU_SAMPLE,QMI8658_1,175,0,1700000,LOCKED,OK,,,,,,,NORMAL,12040,5002,5008,3304,false,true,false,,,12,-4,1000,0.00,0.34,0.25
1710000,IMU_SAMPLE,QMI8658_2,176,0,1710000,LOCKED,OK,,,,,,,NORMAL,12040,5002,5008,3304,false,true,false,,,13,-3,1001,0.10,-0.30,0.30
1720000,IMU_SAMPLE,QMI8658_1,177,0,1720000,LOCKED,OK,,,,,,,NORMAL,12040,5002,5008,3304,false,true,false,,,14,-2,998,0.20,-0.22,0.35
1730000,IMU_SAMPLE,QMI8658_2,178,0,1730000,LOCKED,OK,,,,,,,NORMAL,12040,5002,5008,3304,false,true,false,,,15,-1,999,0.30,-0.14,0.40
1740000,IMU_SAMPLE,QMI8658_1,179,0,1740000,LOCKED,OK,,,,,,,NORMAL,12040,5002,5008,3304,false,true,false,,,16,0,1000,0.40,-0.06,0.45
1750000,IMU_SAMPLE,QMI8658_2,180,0,1750000,LOCKED,OK,,,,,,,NORMAL,12040,5002,5008,3304,false,true,false,,,12,-6,1001,0.50,0.02,0.50
1760000,IMU_SAMPLE,QMI8658_1,181,0,1760000,LOCKED,OK,,,,,,,NORMAL,12040,5002,5008,3304,false,true,false,,,13,-5,998,-0.50,0.10,0.55
1770000,IMU_SAMPLE,QMI8658_2,182,0,1770000,LOCKED,OK,,,,,,,NORMAL,12040,5002,5008,3304,false,true,false,,,14,-4,999,-0.40,0.18,0.60
1780000,IMU_SAMPLE,QMI8658_1,183,0,1780000,LOCKED,OK,,,,,,,NORMAL,12040,5002,5008,3304,false,true,false,,,15,-3,1000,-0.30,0.26,0.65
1790000,IMU_SAMPLE,QMI8658_2,184,0,1790000,LOCKED,OK,,,,,,,NORMAL,12040,5002,5008,3304,false,true,false,,,16,-2,1001,-0.20,0.34,0.70
1800000,IMU_SAMPLE,QMI8658_1,185,0,1800000,LOCKED,OK,,,,,,,NORMAL,12040,5002,5008,3304,false,true,false,,,12,-1,998,-0.10,-0.30,0.75
1810000,IMU_SAMPLE,QMI8658_2,186,0,1810000,LOCKED,OK,,,,,,,NORMAL,12040,5002,5008,3304,false,true,false,,,13,0,999,0.00,-0.22,0.80
1820000,IMU_SAMPLE,QMI8658_1,187,0,1820000,LOCKED,OK,,,,,,,NORMAL,12040,5002,5008,3304,false,true,false,,,14,-6,1000,0.10,-0.14,0.20
1830000,IMU_SAMPLE,QMI8658_2,188,0,1830000,LOCKED,OK,,,,,,,NORMAL,12040,5002,5008,3304,false,true,false,,,15,-5,1001,0.20,-0.06,0.25
1840000,IMU_SAMPLE,QMI8658_1,189,0,1840000,LOCKED,OK,,,,,,,NORMAL,12040,5002,5008,3304,false,true,false,,,16,-4,998,0.30,0.02,0.30
1850000,IMU_SAMPLE,QMI8658_2,190,0,1850000,LOCKED,OK,,,,,,,NORMAL,12040,5002,5008,3304,false,true,false,,,12,-3,999,0.40,0.10,0.35
1860000,IMU_SAMPLE,QMI8658_1,191,0,1860000,LOCKED,OK,,,,,,,NORMAL,12040,5002,5008,3304,false,true,false,,,13,-2,1000,0.50,0.18,0.40
1870000,IMU_SAMPLE,QMI8658_2,192,0,1870000,LOCKED,OK,,,,,,,NORMAL,12040,5002,5008,3304,false,true,false,,,14,-1,1001,-0.50,0.26,0.45
1880000,IMU_SAMPLE,QMI8658_1,193,0,1880000,LOCKED,OK,,,,,,,NORMAL,12040,5002,5008,3304,false,true,false,,,15,0,998,-0.40,0.34,0.50
1890000,IMU_SAMPLE,QMI8658_2,194,0,1890000,LOCKED,OK,,,,,,,NORMAL,12040,5002,5008,3304,false,true,false,,,16,-6,999,-0.30,-0.30,0.55
1900000,IMU_SAMPLE,QMI8658_1,195,0,1900000,LOCKED,OK,,,,,,,NORMAL,12040,5002,5008,3304,false,true,false,,,12,-5,1000,-0.20,-0.22,0.60
1910000,IMU_SAMPLE,QMI8658_2,196,0,1910000,LOCKED,OK,,,,,,,NORMAL,12040,5002,5008,3304,false,true,false,,,13,-4,1001,-0.10,-0.14,0.65
1920000,IMU_SAMPLE,QMI8658_1,197,0,1920000,LOCKED,OK,,,,,,,NORMAL,12040,5002,5008,3304,false,true,false,,,14,-3,998,0.00,-0.06,0.70
1930000,IMU_SAMPLE,QMI8658_2,198,0,1930000,LOCKED,OK,,,,,,,NORMAL,12040,5002,5008,3304,false,true,false,,,15,-2,999,0.10,0.02,0.75
1940000,IMU_SAMPLE,QMI8658_1,199,0,1940000,LOCKED,OK,,,,,,,NORMAL,12040,5002,5008,3304,false,true,false,,,16,-1,1000,0.20,0.10,0.80
1950000,IMU_SAMPLE,QMI8658_2,200,0,1950000,LOCKED,OK,,,,,,,NORMAL,12040,5002,5008,3304,false,true,false,,,12,0,1001,0.30,0.18,0.20
1960000,IMU_SAMPLE,QMI8658_1,201,0,1960000,LOCKED,OK,,,,,,,NORMAL,12040,5002,5008,3304,false,true,false,,,13,-6,998,0.40,0.26,0.25
1970000,IMU_SAMPLE,QMI8658_2,202,0,1970000,LOCKED,OK,,,,,,,NORMAL,12040,5002,5008,3304,false,true,false,,,14,-5,999,0.50,0.34,0.30
1980000,IMU_SAMPLE,QMI8658_1,203,0,1980000,LOCKED,OK,,,,,,,NORMAL,12040,5002,5008,3304,false,true,false,,,15,-4,1000,-0.50,-0.30,0.35
1990000,IMU_SAMPLE,QMI8658_2,204,0,1990000,LOCKED,OK,,,,,,,NORMAL,12040,5002,5008,3304,false,true,false,,,16,-3,1001,-0.40,-0.22,0.40
2000000,PPS_EDGE,BOARD_PPS,205,2000000,2000000,LOCKED,OK,,,,,,PPS_LOCKED|VALID,NORMAL,12040,5002,5008,3304,false,true,false,,PPS authority edge,,,,,,
2000000,GNSS_STATUS,GNSS_F9P,206,2000000,2000000,LOCKED,OK,3D_FIX,16,0.86,31.230420,121.473730,,NORMAL,12040,5002,5008,3304,false,true,false,,GNSS status + position sample; not time authority,,,,,,
2000000,IMU_SAMPLE,QMI8658_1,207,0,2000000,LOCKED,OK,,,,,,,NORMAL,12040,5002,5008,3304,false,true,false,,,12,-2,998,-0.30,-0.14,0.45
2010000,IMU_SAMPLE,QMI8658_2,208,0,2010000,LOCKED,OK,,,,,,,NORMAL,12040,5002,5008,3304,false,true,false,,,13,-1,999,-0.20,-0.06,0.50
2020000,IMU_SAMPLE,QMI8658_1,209,0,2020000,LOCKED,OK,,,,,,,NORMAL,12040,5002,5008,3304,false,true,false,,,14,0,1000,-0.10,0.02,0.55
2030000,IMU_SAMPLE,QMI8658_2,210,0,2030000,LOCKED,OK,,,,,,,NORMAL,12040,5002,5008,3304,false,true,false,,,15,-6,1001,0.00,0.10,0.60
2040000,IMU_SAMPLE,QMI8658_1,211,0,2040000,LOCKED,OK,,,,,,,NORMAL,12040,5002,5008,3304,false,true,false,,,16,-5,998,0.10,0.18,0.65
2050000,IMU_SAMPLE,QMI8658_2,212,0,2050000,LOCKED,OK,,,,,,,NORMAL,12040,5002,5008,3304,false,true,false,,,12,-4,999,0.20,0.26,0.70
2060000,IMU_SAMPLE,QMI8658_1,213,0,2060000,LOCKED,OK,,,,,,,NORMAL,12040,5002,5008,3304,false,true,false,,,13,-3,1000,0.30,0.34,0.75
2070000,IMU_SAMPLE,QMI8658_2,214,0,2070000,LOCKED,OK,,,,,,,NORMAL,12040,5002,5008,3304,false,true,false,,,14,-2,1001,0.40,-0.30,0.80
2080000,IMU_SAMPLE,QMI8658_1,215,0,2080000,LOCKED,OK,,,,,,,NORMAL,12040,5002,5008,3304,false,true,false,,,15,-1,998,0.50,-0.22,0.20
2090000,IMU_SAMPLE,QMI8658_2,216,0,2090000,LOCKED,OK,,,,,,,NORMAL,12040,5002,5008,3304,false,true,false,,,16,0,999,-0.50,-0.14,0.25
2100000,IMU_SAMPLE,QMI8658_1,217,0,2100000,LOCKED,OK,,,,,,,NORMAL,12040,5002,5008,3304,false,true,false,,,12,-6,1000,-0.40,-0.06,0.30
2110000,IMU_SAMPLE,QMI8658_2,218,0,2110000,LOCKED,OK,,,,,,,NORMAL,12040,5002,5008,3304,false,true,false,,,13,-5,1001,-0.30,0.02,0.35
2120000,IMU_SAMPLE,QMI8658_1,219,0,2120000,LOCKED,OK,,,,,,,NORMAL,12040,5002,5008,3304,false,true,false,,,14,-4,998,-0.20,0.10,0.40
2130000,IMU_SAMPLE,QMI8658_2,220,0,2130000,LOCKED,OK,,,,,,,NORMAL,12040,5002,5008,3304,false,true,false,,,15,-3,999,-0.10,0.18,0.45
2140000,IMU_SAMPLE,QMI8658_1,221,0,2140000,LOCKED,OK,,,,,,,NORMAL,12040,5002,5008,3304,false,true,false,,,16,-2,1000,0.00,0.26,0.50
2150000,IMU_SAMPLE,QMI8658_2,222,0,2150000,LOCKED,OK,,,,,,,NORMAL,12040,5002,5008,3304,false,true,false,,,12,-1,1001,0.10,0.34,0.55
2160000,IMU_SAMPLE,QMI8658_1,223,0,2160000,LOCKED,OK,,,,,,,NORMAL,12040,5002,5008,3304,false,true,false,,,13,0,998,0.20,-0.30,0.60
2170000,IMU_SAMPLE,QMI8658_2,224,0,2170000,LOCKED,OK,,,,,,,NORMAL,12040,5002,5008,3304,false,true,false,,,14,-6,999,0.30,-0.22,0.65
2180000,IMU_SAMPLE,QMI8658_1,225,0,2180000,LOCKED,OK,,,,,,,NORMAL,12040,5002,5008,3304,false,true,false,,,15,-5,1000,0.40,-0.14,0.70
2190000,IMU_SAMPLE,QMI8658_2,226,0,2190000,LOCKED,OK,,,,,,,NORMAL,12040,5002,5008,3304,false,true,false,,,16,-4,1001,0.50,-0.06,0.75
2200000,IMU_SAMPLE,QMI8658_1,227,0,2200000,LOCKED,OK,,,,,,,NORMAL,12040,5002,5008,3304,false,true,false,,,12,-3,998,-0.50,0.02,0.80
2210000,IMU_SAMPLE,QMI8658_2,228,0,2210000,LOCKED,OK,,,,,,,NORMAL,12040,5002,5008,3304,false,true,false,,,13,-2,999,-0.40,0.10,0.20
2220000,IMU_SAMPLE,QMI8658_1,229,0,2220000,LOCKED,OK,,,,,,,NORMAL,12040,5002,5008,3304,false,true,false,,,14,-1,1000,-0.30,0.18,0.25
2230000,IMU_SAMPLE,QMI8658_2,230,0,2230000,LOCKED,OK,,,,,,,NORMAL,12040,5002,5008,3304,false,true,false,,,15,0,1001,-0.20,0.26,0.30
2240000,IMU_SAMPLE,QMI8658_1,231,0,2240000,LOCKED,OK,,,,,,,NORMAL,12040,5002,5008,3304,false,true,false,,,16,-6,998,-0.10,0.34,0.35
2250000,IMU_SAMPLE,QMI8658_2,232,0,2250000,LOCKED,OK,,,,,,,NORMAL,12040,5002,5008,3304,false,true,false,,,12,-5,999,0.00,-0.30,0.40
2260000,IMU_SAMPLE,QMI8658_1,233,0,2260000,LOCKED,OK,,,,,,,NORMAL,12040,5002,5008,3304,false,true,false,,,13,-4,1000,0.10,-0.22,0.45
2270000,IMU_SAMPLE,QMI8658_2,234,0,2270000,LOCKED,OK,,,,,,,NORMAL,12040,5002,5008,3304,false,true,false,,,14,-3,1001,0.20,-0.14,0.50
2280000,IMU_SAMPLE,QMI8658_1,235,0,2280000,LOCKED,OK,,,,,,,NORMAL,12040,5002,5008,3304,false,true,false,,,15,-2,998,0.30,-0.06,0.55
2290000,IMU_SAMPLE,QMI8658_2,236,0,2290000,LOCKED,OK,,,,,,,NORMAL,12040,5002,5008,3304,false,true,false,,,16,-1,999,0.40,0.02,0.60
2300000,IMU_SAMPLE,QMI8658_1,237,0,2300000,LOCKED,OK,,,,,,,NORMAL,12040,5002,5008,3304,false,true,false,,,12,0,1000,0.50,0.10,0.65
2310000,IMU_SAMPLE,QMI8658_2,238,0,2310000,LOCKED,OK,,,,,,,NORMAL,12040,5002,5008,3304,false,true,false,,,13,-6,1001,-0.50,0.18,0.70
2320000,IMU_SAMPLE,QMI8658_1,239,0,2320000,LOCKED,OK,,,,,,,NORMAL,12040,5002,5008,3304,false,true,false,,,14,-5,998,-0.40,0.26,0.75
2330000,IMU_SAMPLE,QMI8658_2,240,0,2330000,LOCKED,OK,,,,,,,NORMAL,12040,5002,5008,3304,false,true,false,,,15,-4,999,-0.30,0.34,0.80
2340000,IMU_SAMPLE,QMI8658_1,241,0,2340000,LOCKED,OK,,,,,,,NORMAL,12040,5002,5008,3304,false,true,false,,,16,-3,1000,-0.20,-0.30,0.20
2350000,IMU_SAMPLE,QMI8658_2,242,0,2350000,LOCKED,OK,,,,,,,NORMAL,12040,5002,5008,3304,false,true,false,,,12,-2,1001,-0.10,-0.22,0.25
2360000,IMU_SAMPLE,QMI8658_1,243,0,2360000,LOCKED,OK,,,,,,,NORMAL,12040,5002,5008,3304,false,true,false,,,13,-1,998,0.00,-0.14,0.30
2370000,IMU_SAMPLE,QMI8658_2,244,0,2370000,LOCKED,OK,,,,,,,NORMAL,12040,5002,5008,3304,false,true,false,,,14,0,999,0.10,-0.06,0.35
2380000,IMU_SAMPLE,QMI8658_1,245,0,2380000,LOCKED,OK,,,,,,,NORMAL,12040,5002,5008,3304,false,true,false,,,15,-6,1000,0.20,0.02,0.40
2390000,IMU_SAMPLE,QMI8658_2,246,0,2390000,LOCKED,OK,,,,,,,NORMAL,12040,5002,5008,3304,false,true,false,,,16,-5,1001,0.30,0.10,0.45
2400000,IMU_SAMPLE,QMI8658_1,247,0,2400000,LOCKED,OK,,,,,,,NORMAL,12040,5002,5008,3304,false,true,false,,,12,-4,998,0.40,0.18,0.50
2410000,IMU_SAMPLE,QMI8658_2,248,0,2410000,LOCKED,OK,,,,,,,NORMAL,12040,5002,5008,3304,false,true,false,,,13,-3,999,0.50,0.26,0.55
2420000,IMU_SAMPLE,QMI8658_1,249,0,2420000,LOCKED,OK,,,,,,,NORMAL,12040,5002,5008,3304,false,true,false,,,14,-2,1000,-0.50,0.34,0.60
2430000,IMU_SAMPLE,QMI8658_2,250,0,2430000,LOCKED,OK,,,,,,,NORMAL,12040,5002,5008,3304,false,true,false,,,15,-1,1001,-0.40,-0.30,0.65
2440000,IMU_SAMPLE,QMI8658_1,251,0,2440000,LOCKED,OK,,,,,,,NORMAL,12040,5002,5008,3304,false,true,false,,,16,0,998,-0.30,-0.22,0.70
2450000,IMU_SAMPLE,QMI8658_2,252,0,2450000,LOCKED,OK,,,,,,,NORMAL,12040,5002,5008,3304,false,true,false,,,12,-6,999,-0.20,-0.14,0.75
2460000,IMU_SAMPLE,QMI8658_1,253,0,2460000,LOCKED,OK,,,,,,,NORMAL,12040,5002,5008,3304,false,true,false,,,13,-5,1000,-0.10,-0.06,0.80
2470000,IMU_SAMPLE,QMI8658_2,254,0,2470000,LOCKED,OK,,,,,,,NORMAL,12040,5002,5008,3304,false,true,false,,,14,-4,1001,0.00,0.02,0.20
2480000,IMU_SAMPLE,QMI8658_1,255,0,2480000,LOCKED,OK,,,,,,,NORMAL,12040,5002,5008,3304,false,true,false,,,15,-3,998,0.10,0.10,0.25
2490000,IMU_SAMPLE,QMI8658_2,256,0,2490000,LOCKED,OK,,,,,,,NORMAL,12040,5002,5008,3304,false,true,false,,,16,-2,999,0.20,0.18,0.30
2500000,IMU_SAMPLE,QMI8658_1,260,0,2500000,LOCKED,OK,,,,,,,NORMAL,12040,5002,5008,3304,false,true,true,257-259,intentional IMU seq gap before this row: missing seq 257-259,12,-1,1000,0.30,0.26,0.35
2510000,IMU_SAMPLE,QMI8658_2,261,0,2510000,LOCKED,OK,,,,,,,NORMAL,12040,5002,5008,3304,false,true,false,,,13,0,1001,0.40,0.34,0.40
2520000,IMU_SAMPLE,QMI8658_1,262,0,2520000,LOCKED,OK,,,,,,,NORMAL,12040,5002,5008,3304,false,true,false,,,14,-6,998,0.50,-0.30,0.45
2530000,IMU_SAMPLE,QMI8658_2,263,0,2530000,LOCKED,OK,,,,,,,NORMAL,12040,5002,5008,3304,false,true,false,,,15,-5,999,-0.50,-0.22,0.50
2540000,IMU_SAMPLE,QMI8658_1,264,0,2540000,LOCKED,OK,,,,,,,NORMAL,12040,5002,5008,3304,false,true,false,,,16,-4,1000,-0.40,-0.14,0.55
2550000,IMU_SAMPLE,QMI8658_2,265,0,2550000,LOCKED,OK,,,,,,,NORMAL,12040,5002,5008,3304,false,true,false,,,12,-3,1001,-0.30,-0.06,0.60
2560000,IMU_SAMPLE,QMI8658_1,266,0,2560000,LOCKED,OK,,,,,,,NORMAL,12040,5002,5008,3304,false,true,false,,,13,-2,998,-0.20,0.02,0.65
2570000,IMU_SAMPLE,QMI8658_2,267,0,2570000,LOCKED,OK,,,,,,,NORMAL,12040,5002,5008,3304,false,true,false,,,14,-1,999,-0.10,0.10,0.70
2580000,IMU_SAMPLE,QMI8658_1,268,0,2580000,LOCKED,OK,,,,,,,NORMAL,12040,5002,5008,3304,false,true,false,,,15,0,1000,0.00,0.18,0.75
2590000,IMU_SAMPLE,QMI8658_2,269,0,2590000,LOCKED,OK,,,,,,,NORMAL,12040,5002,5008,3304,false,true,false,,,16,-6,1001,0.10,0.26,0.80
2600000,IMU_SAMPLE,QMI8658_1,270,0,2600000,LOCKED,OK,,,,,,,NORMAL,12040,5002,5008,3304,false,true,false,,,12,-5,998,0.20,0.34,0.20
2610000,IMU_SAMPLE,QMI8658_2,271,0,2610000,LOCKED,OK,,,,,,,NORMAL,12040,5002,5008,3304,false,true,false,,,13,-4,999,0.30,-0.30,0.25
2620000,IMU_SAMPLE,QMI8658_1,272,0,2620000,LOCKED,OK,,,,,,,NORMAL,12040,5002,5008,3304,false,true,false,,,14,-3,1000,0.40,-0.22,0.30
2630000,IMU_SAMPLE,QMI8658_2,273,0,2630000,LOCKED,OK,,,,,,,NORMAL,12040,5002,5008,3304,false,true,false,,,15,-2,1001,0.50,-0.14,0.35
2640000,IMU_SAMPLE,QMI8658_1,274,0,2640000,LOCKED,OK,,,,,,,NORMAL,12040,5002,5008,3304,false,true,false,,,16,-1,998,-0.50,-0.06,0.40
2650000,IMU_SAMPLE,QMI8658_2,275,0,2650000,LOCKED,OK,,,,,,,NORMAL,12040,5002,5008,3304,false,true,false,,,12,0,999,-0.40,0.02,0.45
2660000,IMU_SAMPLE,QMI8658_1,276,0,2660000,LOCKED,OK,,,,,,,NORMAL,12040,5002,5008,3304,false,true,false,,,13,-6,1000,-0.30,0.10,0.50
2670000,IMU_SAMPLE,QMI8658_2,277,0,2670000,LOCKED,OK,,,,,,,NORMAL,12040,5002,5008,3304,false,true,false,,,14,-5,1001,-0.20,0.18,0.55
2680000,IMU_SAMPLE,QMI8658_1,278,0,2680000,LOCKED,OK,,,,,,,NORMAL,12040,5002,5008,3304,false,true,false,,,15,-4,998,-0.10,0.26,0.60
2690000,IMU_SAMPLE,QMI8658_2,279,0,2690000,LOCKED,OK,,,,,,,NORMAL,12040,5002,5008,3304,false,true,false,,,16,-3,999,0.00,0.34,0.65
2700000,IMU_SAMPLE,QMI8658_1,280,0,2700000,LOCKED,OK,,,,,,,NORMAL,12040,5002,5008,3304,false,true,false,,,12,-2,1000,0.10,-0.30,0.70
2710000,IMU_SAMPLE,QMI8658_2,281,0,2710000,LOCKED,OK,,,,,,,NORMAL,12040,5002,5008,3304,false,true,false,,,13,-1,1001,0.20,-0.22,0.75
2720000,IMU_SAMPLE,QMI8658_1,282,0,2720000,LOCKED,OK,,,,,,,NORMAL,12040,5002,5008,3304,false,true,false,,,14,0,998,0.30,-0.14,0.80
2730000,IMU_SAMPLE,QMI8658_2,283,0,2730000,LOCKED,OK,,,,,,,NORMAL,12040,5002,5008,3304,false,true,false,,,15,-6,999,0.40,-0.06,0.20
2740000,IMU_SAMPLE,QMI8658_1,284,0,2740000,LOCKED,OK,,,,,,,NORMAL,12040,5002,5008,3304,false,true,false,,,16,-5,1000,0.50,0.02,0.25
2750000,IMU_SAMPLE,QMI8658_2,285,0,2750000,LOCKED,OK,,,,,,,NORMAL,12040,5002,5008,3304,false,true,false,,,12,-4,1001,-0.50,0.10,0.30
2760000,IMU_SAMPLE,QMI8658_1,286,0,2760000,LOCKED,OK,,,,,,,NORMAL,12040,5002,5008,3304,false,true,false,,,13,-3,998,-0.40,0.18,0.35
2770000,IMU_SAMPLE,QMI8658_2,287,0,2770000,LOCKED,OK,,,,,,,NORMAL,12040,5002,5008,3304,false,true,false,,,14,-2,999,-0.30,0.26,0.40
2780000,IMU_SAMPLE,QMI8658_1,288,0,2780000,LOCKED,OK,,,,,,,NORMAL,12040,5002,5008,3304,false,true,false,,,15,-1,1000,-0.20,0.34,0.45
2790000,IMU_SAMPLE,QMI8658_2,289,0,2790000,LOCKED,OK,,,,,,,NORMAL,12040,5002,5008,3304,false,true,false,,,16,0,1001,-0.10,-0.30,0.50
2800000,IMU_SAMPLE,QMI8658_1,290,0,2800000,LOCKED,OK,,,,,,,NORMAL,12040,5002,5008,3304,false,true,false,,,12,-6,998,0.00,-0.22,0.55
2810000,IMU_SAMPLE,QMI8658_2,291,0,2810000,LOCKED,OK,,,,,,,NORMAL,12040,5002,5008,3304,false,true,false,,,13,-5,999,0.10,-0.14,0.60
2820000,IMU_SAMPLE,QMI8658_1,292,0,2820000,LOCKED,OK,,,,,,,NORMAL,12040,5002,5008,3304,false,true,false,,,14,-4,1000,0.20,-0.06,0.65
2830000,IMU_SAMPLE,QMI8658_2,293,0,2830000,LOCKED,OK,,,,,,,NORMAL,12040,5002,5008,3304,false,true,false,,,15,-3,1001,0.30,0.02,0.70
2840000,IMU_SAMPLE,QMI8658_1,294,0,2840000,LOCKED,OK,,,,,,,NORMAL,12040,5002,5008,3304,false,true,false,,,16,-2,998,0.40,0.10,0.75
2850000,IMU_SAMPLE,QMI8658_2,295,0,2850000,LOCKED,OK,,,,,,,NORMAL,12040,5002,5008,3304,false,true,false,,,12,-1,999,0.50,0.18,0.80
2860000,IMU_SAMPLE,QMI8658_1,296,0,2860000,LOCKED,OK,,,,,,,NORMAL,12040,5002,5008,3304,false,true,false,,,13,0,1000,-0.50,0.26,0.20
2870000,IMU_SAMPLE,QMI8658_2,297,0,2870000,LOCKED,OK,,,,,,,NORMAL,12040,5002,5008,3304,false,true,false,,,14,-6,1001,-0.40,0.34,0.25
2880000,IMU_SAMPLE,QMI8658_1,298,0,2880000,LOCKED,OK,,,,,,,NORMAL,12040,5002,5008,3304,false,true,false,,,15,-5,998,-0.30,-0.30,0.30
2890000,IMU_SAMPLE,QMI8658_2,299,0,2890000,LOCKED,OK,,,,,,,NORMAL,12040,5002,5008,3304,false,true,false,,,16,-4,999,-0.20,-0.22,0.35
2900000,IMU_SAMPLE,QMI8658_1,300,0,2900000,LOCKED,OK,,,,,,,NORMAL,12040,5002,5008,3304,false,true,false,,,12,-3,1000,-0.10,-0.14,0.40
2910000,IMU_SAMPLE,QMI8658_2,301,0,2910000,LOCKED,OK,,,,,,,NORMAL,12040,5002,5008,3304,false,true,false,,,13,-2,1001,0.00,-0.06,0.45
2920000,IMU_SAMPLE,QMI8658_1,302,0,2920000,LOCKED,OK,,,,,,,NORMAL,12040,5002,5008,3304,false,true,false,,,14,-1,998,0.10,0.02,0.50
2930000,IMU_SAMPLE,QMI8658_2,303,0,2930000,LOCKED,OK,,,,,,,NORMAL,12040,5002,5008,3304,false,true,false,,,15,0,999,0.20,0.10,0.55
2940000,IMU_SAMPLE,QMI8658_1,304,0,2940000,LOCKED,OK,,,,,,,NORMAL,12040,5002,5008,3304,false,true,false,,,16,-6,1000,0.30,0.18,0.60
2950000,IMU_SAMPLE,QMI8658_2,305,0,2950000,LOCKED,OK,,,,,,,NORMAL,12040,5002,5008,3304,false,true,false,,,12,-5,1001,0.40,0.26,0.65
2960000,IMU_SAMPLE,QMI8658_1,306,0,2960000,LOCKED,OK,,,,,,,NORMAL,12040,5002,5008,3304,false,true,false,,,13,-4,998,0.50,0.34,0.70
2970000,IMU_SAMPLE,QMI8658_2,307,0,2970000,LOCKED,OK,,,,,,,NORMAL,12040,5002,5008,3304,false,true,false,,,14,-3,999,-0.50,-0.30,0.75
2980000,IMU_SAMPLE,QMI8658_1,308,0,2980000,LOCKED,OK,,,,,,,NORMAL,12040,5002,5008,3304,false,true,false,,,15,-2,1000,-0.40,-0.22,0.80
2990000,IMU_SAMPLE,QMI8658_2,309,0,2990000,LOCKED,OK,,,,,,,NORMAL,12040,5002,5008,3304,false,true,false,,,16,-1,1001,-0.30,-0.14,0.20
3000000,PPS_LOST,BOARD_PPS,310,3000000,3000000,HOLDOVER,OK,,,,,,HOLDOVER|VALID,NORMAL,12040,5002,5008,3304,false,true,false,,PPS signal lost,,,,,,
3000000,GNSS_STATUS,GNSS_F9P,311,3000000,3000000,HOLDOVER,OK,3D_FIX,14,0.89,31.230430,121.473745,,NORMAL,12040,5002,5008,3304,false,true,false,,GNSS status + position sample; not time authority,,,,,,
3000000,IMU_SAMPLE,QMI8658_1,312,0,3000000,HOLDOVER,OK,,,,,,,NORMAL,12040,5002,5008,3304,false,true,false,,,12,0,998,-0.20,-0.06,0.25
3010000,IMU_SAMPLE,QMI8658_2,313,0,3010000,HOLDOVER,OK,,,,,,,NORMAL,12040,5002,5008,3304,false,true,false,,,13,-6,999,-0.10,0.02,0.30
3020000,IMU_SAMPLE,QMI8658_1,314,0,3020000,HOLDOVER,OK,,,,,,,NORMAL,12040,5002,5008,3304,false,true,false,,,14,-5,1000,0.00,0.10,0.35
3030000,IMU_SAMPLE,QMI8658_2,315,0,3030000,HOLDOVER,OK,,,,,,,NORMAL,12040,5002,5008,3304,false,true,false,,,15,-4,1001,0.10,0.18,0.40
3040000,IMU_SAMPLE,QMI8658_1,316,0,3040000,HOLDOVER,OK,,,,,,,NORMAL,12040,5002,5008,3304,false,true,false,,,16,-3,998,0.20,0.26,0.45
3050000,IMU_SAMPLE,QMI8658_2,317,0,3050000,HOLDOVER,OK,,,,,,,NORMAL,12040,5002,5008,3304,false,true,false,,,12,-2,999,0.30,0.34,0.50
3060000,IMU_SAMPLE,QMI8658_1,318,0,3060000,HOLDOVER,OK,,,,,,,NORMAL,12040,5002,5008,3304,false,true,false,,,13,-1,1000,0.40,-0.30,0.55
3070000,IMU_SAMPLE,QMI8658_2,319,0,3070000,HOLDOVER,OK,,,,,,,NORMAL,12040,5002,5008,3304,false,true,false,,,14,0,1001,0.50,-0.22,0.60
3080000,IMU_SAMPLE,QMI8658_1,320,0,3080000,HOLDOVER,OK,,,,,,,NORMAL,12040,5002,5008,3304,false,true,false,,,15,-6,998,-0.50,-0.14,0.65
3090000,IMU_SAMPLE,QMI8658_2,321,0,3090000,HOLDOVER,OK,,,,,,,NORMAL,12040,5002,5008,3304,false,true,false,,,16,-5,999,-0.40,-0.06,0.70
3100000,IMU_SAMPLE,QMI8658_1,322,0,3100000,HOLDOVER,OK,,,,,,,NORMAL,12040,5002,5008,3304,false,true,false,,,12,-4,1000,-0.30,0.02,0.75
3110000,IMU_SAMPLE,QMI8658_2,323,0,3110000,HOLDOVER,OK,,,,,,,NORMAL,12040,5002,5008,3304,false,true,false,,,13,-3,1001,-0.20,0.10,0.80
3120000,IMU_SAMPLE,QMI8658_1,324,0,3120000,HOLDOVER,OK,,,,,,,NORMAL,12040,5002,5008,3304,false,true,false,,,14,-2,998,-0.10,0.18,0.20
3130000,IMU_SAMPLE,QMI8658_2,325,0,3130000,HOLDOVER,OK,,,,,,,NORMAL,12040,5002,5008,3304,false,true,false,,,15,-1,999,0.00,0.26,0.25
3140000,IMU_SAMPLE,QMI8658_1,326,0,3140000,HOLDOVER,OK,,,,,,,NORMAL,12040,5002,5008,3304,false,true,false,,,16,0,1000,0.10,0.34,0.30
3150000,IMU_SAMPLE,QMI8658_2,327,0,3150000,HOLDOVER,OK,,,,,,,NORMAL,12040,5002,5008,3304,false,true,false,,,12,-6,1001,0.20,-0.30,0.35
3160000,IMU_SAMPLE,QMI8658_1,328,0,3160000,HOLDOVER,OK,,,,,,,NORMAL,12040,5002,5008,3304,false,true,false,,,13,-5,998,0.30,-0.22,0.40
3170000,IMU_SAMPLE,QMI8658_2,329,0,3170000,HOLDOVER,OK,,,,,,,NORMAL,12040,5002,5008,3304,false,true,false,,,14,-4,999,0.40,-0.14,0.45
3180000,IMU_SAMPLE,QMI8658_1,330,0,3180000,HOLDOVER,OK,,,,,,,NORMAL,12040,5002,5008,3304,false,true,false,,,15,-3,1000,0.50,-0.06,0.50
3190000,IMU_SAMPLE,QMI8658_2,331,0,3190000,HOLDOVER,OK,,,,,,,NORMAL,12040,5002,5008,3304,false,true,false,,,16,-2,1001,-0.50,0.02,0.55
3200000,IMU_SAMPLE,QMI8658_1,332,0,3200000,HOLDOVER,OK,,,,,,,NORMAL,12040,5002,5008,3304,false,true,false,,,12,-1,998,-0.40,0.10,0.60
3210000,IMU_SAMPLE,QMI8658_2,333,0,3210000,HOLDOVER,OK,,,,,,,NORMAL,12040,5002,5008,3304,false,true,false,,,13,0,999,-0.30,0.18,0.65
3220000,IMU_SAMPLE,QMI8658_1,334,0,3220000,HOLDOVER,OK,,,,,,,NORMAL,12040,5002,5008,3304,false,true,false,,,14,-6,1000,-0.20,0.26,0.70
3230000,IMU_SAMPLE,QMI8658_2,335,0,3230000,HOLDOVER,OK,,,,,,,NORMAL,12040,5002,5008,3304,false,true,false,,,15,-5,1001,-0.10,0.34,0.75
3240000,IMU_SAMPLE,QMI8658_1,336,0,3240000,HOLDOVER,OK,,,,,,,NORMAL,12040,5002,5008,3304,false,true,false,,,16,-4,998,0.00,-0.30,0.80
3250000,IMU_SAMPLE,QMI8658_2,337,0,3250000,HOLDOVER,OK,,,,,,,NORMAL,12040,5002,5008,3304,false,true,false,,,12,-3,999,0.10,-0.22,0.20
3260000,IMU_SAMPLE,QMI8658_1,338,0,3260000,HOLDOVER,OK,,,,,,,NORMAL,12040,5002,5008,3304,false,true,false,,,13,-2,1000,0.20,-0.14,0.25
3270000,IMU_SAMPLE,QMI8658_2,339,0,3270000,HOLDOVER,OK,,,,,,,NORMAL,12040,5002,5008,3304,false,true,false,,,14,-1,1001,0.30,-0.06,0.30
3280000,IMU_SAMPLE,QMI8658_1,340,0,3280000,HOLDOVER,OK,,,,,,,NORMAL,12040,5002,5008,3304,false,true,false,,,15,0,998,0.40,0.02,0.35
3290000,IMU_SAMPLE,QMI8658_2,341,0,3290000,HOLDOVER,OK,,,,,,,NORMAL,12040,5002,5008,3304,false,true,false,,,16,-6,999,0.50,0.10,0.40
3300000,IMU_SAMPLE,QMI8658_1,342,0,3300000,HOLDOVER,OK,,,,,,,NORMAL,12040,5002,5008,3304,false,true,false,,,12,-5,1000,-0.50,0.18,0.45
3310000,IMU_SAMPLE,QMI8658_2,343,0,3310000,HOLDOVER,OK,,,,,,,NORMAL,12040,5002,5008,3304,false,true,false,,,13,-4,1001,-0.40,0.26,0.50
3320000,IMU_SAMPLE,QMI8658_1,344,0,3320000,HOLDOVER,OK,,,,,,,NORMAL,12040,5002,5008,3304,false,true,false,,,14,-3,998,-0.30,0.34,0.55
3330000,IMU_SAMPLE,QMI8658_2,345,0,3330000,HOLDOVER,OK,,,,,,,NORMAL,12040,5002,5008,3304,false,true,false,,,15,-2,999,-0.20,-0.30,0.60
3340000,IMU_SAMPLE,QMI8658_1,346,0,3340000,HOLDOVER,OK,,,,,,,NORMAL,12040,5002,5008,3304,false,true,false,,,16,-1,1000,-0.10,-0.22,0.65
3350000,IMU_SAMPLE,QMI8658_2,347,0,3350000,HOLDOVER,OK,,,,,,,NORMAL,12040,5002,5008,3304,false,true,false,,,12,0,1001,0.00,-0.14,0.70
3360000,IMU_SAMPLE,QMI8658_1,348,0,3360000,HOLDOVER,OK,,,,,,,NORMAL,12040,5002,5008,3304,false,true,false,,,13,-6,998,0.10,-0.06,0.75
3370000,IMU_SAMPLE,QMI8658_2,349,0,3370000,HOLDOVER,OK,,,,,,,NORMAL,12040,5002,5008,3304,false,true,false,,,14,-5,999,0.20,0.02,0.80
3380000,IMU_SAMPLE,QMI8658_1,350,0,3380000,HOLDOVER,OK,,,,,,,NORMAL,12040,5002,5008,3304,false,true,false,,,15,-4,1000,0.30,0.10,0.20
3390000,IMU_SAMPLE,QMI8658_2,351,0,3390000,HOLDOVER,OK,,,,,,,NORMAL,12040,5002,5008,3304,false,true,false,,,16,-3,1001,0.40,0.18,0.25
3400000,IMU_SAMPLE,QMI8658_1,352,0,3400000,HOLDOVER,OK,,,,,,,NORMAL,12040,5002,5008,3304,false,true,false,,,12,-2,998,0.50,0.26,0.30
3410000,IMU_SAMPLE,QMI8658_2,353,0,3410000,HOLDOVER,OK,,,,,,,NORMAL,12040,5002,5008,3304,false,true,false,,,13,-1,999,-0.50,0.34,0.35
3420000,IMU_SAMPLE,QMI8658_1,354,0,3420000,HOLDOVER,OK,,,,,,,NORMAL,12040,5002,5008,3304,false,true,false,,,14,0,1000,-0.40,-0.30,0.40
3430000,IMU_SAMPLE,QMI8658_2,355,0,3430000,HOLDOVER,OK,,,,,,,NORMAL,12040,5002,5008,3304,false,true,false,,,15,-6,1001,-0.30,-0.22,0.45
3440000,IMU_SAMPLE,QMI8658_1,356,0,3440000,HOLDOVER,OK,,,,,,,NORMAL,12040,5002,5008,3304,false,true,false,,,16,-5,998,-0.20,-0.14,0.50
3450000,IMU_SAMPLE,QMI8658_2,357,0,3450000,HOLDOVER,OK,,,,,,,NORMAL,12040,5002,5008,3304,false,true,false,,,12,-4,999,-0.10,-0.06,0.55
3460000,IMU_SAMPLE,QMI8658_1,358,0,3460000,HOLDOVER,OK,,,,,,,NORMAL,12040,5002,5008,3304,false,true,false,,,13,-3,1000,0.00,0.02,0.60
3470000,IMU_SAMPLE,QMI8658_2,359,0,3470000,HOLDOVER,OK,,,,,,,NORMAL,12040,5002,5008,3304,false,true,false,,,14,-2,1001,0.10,0.10,0.65
3480000,IMU_SAMPLE,QMI8658_1,360,0,3480000,HOLDOVER,OK,,,,,,,NORMAL,12040,5002,5008,3304,false,true,false,,,15,-1,998,0.20,0.18,0.70
3490000,IMU_SAMPLE,QMI8658_2,361,0,3490000,HOLDOVER,OK,,,,,,,NORMAL,12040,5002,5008,3304,false,true,false,,,16,0,999,0.30,0.26,0.75
3500000,IMU_SAMPLE,QMI8658_1,362,0,3500000,HOLDOVER,OK,,,,,,,NORMAL,12040,5002,5008,3304,false,true,false,,,12,-6,1000,0.40,0.34,0.80
3510000,IMU_SAMPLE,QMI8658_2,363,0,3510000,HOLDOVER,OK,,,,,,,NORMAL,12040,5002,5008,3304,false,true,false,,,13,-5,1001,0.50,-0.30,0.20
3520000,IMU_SAMPLE,QMI8658_1,364,0,3520000,HOLDOVER,OK,,,,,,,NORMAL,12040,5002,5008,3304,false,true,false,,,14,-4,998,-0.50,-0.22,0.25
3530000,IMU_SAMPLE,QMI8658_2,365,0,3530000,HOLDOVER,OK,,,,,,,NORMAL,12040,5002,5008,3304,false,true,false,,,15,-3,999,-0.40,-0.14,0.30
3540000,IMU_SAMPLE,QMI8658_1,366,0,3540000,HOLDOVER,OK,,,,,,,NORMAL,12040,5002,5008,3304,false,true,false,,,16,-2,1000,-0.30,-0.06,0.35
3550000,IMU_SAMPLE,QMI8658_2,367,0,3550000,HOLDOVER,OK,,,,,,,NORMAL,12040,5002,5008,3304,false,true,false,,,12,-1,1001,-0.20,0.02,0.40
3560000,IMU_SAMPLE,QMI8658_1,368,0,3560000,HOLDOVER,OK,,,,,,,NORMAL,12040,5002,5008,3304,false,true,false,,,13,0,998,-0.10,0.10,0.45
3570000,IMU_SAMPLE,QMI8658_2,369,0,3570000,HOLDOVER,OK,,,,,,,NORMAL,12040,5002,5008,3304,false,true,false,,,14,-6,999,0.00,0.18,0.50
3580000,IMU_SAMPLE,QMI8658_1,370,0,3580000,HOLDOVER,OK,,,,,,,NORMAL,12040,5002,5008,3304,false,true,false,,,15,-5,1000,0.10,0.26,0.55
3590000,IMU_SAMPLE,QMI8658_2,371,0,3590000,HOLDOVER,OK,,,,,,,NORMAL,12040,5002,5008,3304,false,true,false,,,16,-4,1001,0.20,0.34,0.60
3600000,IMU_SAMPLE,QMI8658_1,372,0,3600000,HOLDOVER,OK,,,,,,,NORMAL,12040,5002,5008,3304,false,true,false,,,12,-3,998,0.30,-0.30,0.65
3610000,IMU_SAMPLE,QMI8658_2,373,0,3610000,HOLDOVER,OK,,,,,,,NORMAL,12040,5002,5008,3304,false,true,false,,,13,-2,999,0.40,-0.22,0.70
3620000,IMU_SAMPLE,QMI8658_1,374,0,3620000,HOLDOVER,OK,,,,,,,NORMAL,12040,5002,5008,3304,false,true,false,,,14,-1,1000,0.50,-0.14,0.75
3630000,IMU_SAMPLE,QMI8658_2,375,0,3630000,HOLDOVER,OK,,,,,,,NORMAL,12040,5002,5008,3304,false,true,false,,,15,0,1001,-0.50,-0.06,0.80
3640000,IMU_SAMPLE,QMI8658_1,376,0,3640000,HOLDOVER,OK,,,,,,,NORMAL,12040,5002,5008,3304,false,true,false,,,16,-6,998,-0.40,0.02,0.20
3650000,IMU_SAMPLE,QMI8658_2,377,0,3650000,HOLDOVER,OK,,,,,,,NORMAL,12040,5002,5008,3304,false,true,false,,,12,-5,999,-0.30,0.10,0.25
3660000,IMU_SAMPLE,QMI8658_1,378,0,3660000,HOLDOVER,OK,,,,,,,NORMAL,12040,5002,5008,3304,false,true,false,,,13,-4,1000,-0.20,0.18,0.30
3670000,IMU_SAMPLE,QMI8658_2,379,0,3670000,HOLDOVER,OK,,,,,,,NORMAL,12040,5002,5008,3304,false,true,false,,,14,-3,1001,-0.10,0.26,0.35
3680000,IMU_SAMPLE,QMI8658_1,380,0,3680000,HOLDOVER,OK,,,,,,,NORMAL,12040,5002,5008,3304,false,true,false,,,15,-2,998,0.00,0.34,0.40
3690000,IMU_SAMPLE,QMI8658_2,381,0,3690000,HOLDOVER,OK,,,,,,,NORMAL,12040,5002,5008,3304,false,true,false,,,16,-1,999,0.10,-0.30,0.45
3700000,IMU_SAMPLE,QMI8658_1,382,0,3700000,HOLDOVER,OK,,,,,,,NORMAL,12040,5002,5008,3304,false,true,false,,,12,0,1000,0.20,-0.22,0.50
3710000,IMU_SAMPLE,QMI8658_2,383,0,3710000,HOLDOVER,OK,,,,,,,NORMAL,12040,5002,5008,3304,false,true,false,,,13,-6,1001,0.30,-0.14,0.55
3720000,IMU_SAMPLE,QMI8658_1,384,0,3720000,HOLDOVER,OK,,,,,,,NORMAL,12040,5002,5008,3304,false,true,false,,,14,-5,998,0.40,-0.06,0.60
3730000,IMU_SAMPLE,QMI8658_2,385,0,3730000,HOLDOVER,OK,,,,,,,NORMAL,12040,5002,5008,3304,false,true,false,,,15,-4,999,0.50,0.02,0.65
3740000,IMU_SAMPLE,QMI8658_1,386,0,3740000,HOLDOVER,OK,,,,,,,NORMAL,12040,5002,5008,3304,false,true,false,,,16,-3,1000,-0.50,0.10,0.70
3750000,IMU_SAMPLE,QMI8658_2,387,0,3750000,HOLDOVER,OK,,,,,,,NORMAL,12040,5002,5008,3304,false,true,false,,,12,-2,1001,-0.40,0.18,0.75
3760000,IMU_SAMPLE,QMI8658_1,388,0,3760000,HOLDOVER,OK,,,,,,,NORMAL,12040,5002,5008,3304,false,true,false,,,13,-1,998,-0.30,0.26,0.80
3770000,IMU_SAMPLE,QMI8658_2,389,0,3770000,HOLDOVER,OK,,,,,,,NORMAL,12040,5002,5008,3304,false,true,false,,,14,0,999,-0.20,0.34,0.20
3780000,IMU_SAMPLE,QMI8658_1,390,0,3780000,HOLDOVER,OK,,,,,,,NORMAL,12040,5002,5008,3304,false,true,false,,,15,-6,1000,-0.10,-0.30,0.25
3790000,IMU_SAMPLE,QMI8658_2,391,0,3790000,HOLDOVER,OK,,,,,,,NORMAL,12040,5002,5008,3304,false,true,false,,,16,-5,1001,0.00,-0.22,0.30
3800000,IMU_SAMPLE,QMI8658_1,392,0,3800000,HOLDOVER,OK,,,,,,,NORMAL,12040,5002,5008,3304,false,true,false,,,12,-4,998,0.10,-0.14,0.35
3810000,IMU_SAMPLE,QMI8658_2,393,0,3810000,HOLDOVER,OK,,,,,,,NORMAL,12040,5002,5008,3304,false,true,false,,,13,-3,999,0.20,-0.06,0.40
3820000,IMU_SAMPLE,QMI8658_1,394,0,3820000,HOLDOVER,OK,,,,,,,NORMAL,12040,5002,5008,3304,false,true,false,,,14,-2,1000,0.30,0.02,0.45
3830000,IMU_SAMPLE,QMI8658_2,395,0,3830000,HOLDOVER,OK,,,,,,,NORMAL,12040,5002,5008,3304,false,true,false,,,15,-1,1001,0.40,0.10,0.50
3840000,IMU_SAMPLE,QMI8658_1,396,0,3840000,HOLDOVER,OK,,,,,,,NORMAL,12040,5002,5008,3304,false,true,false,,,16,0,998,0.50,0.18,0.55
3850000,IMU_SAMPLE,QMI8658_2,397,0,3850000,HOLDOVER,OK,,,,,,,NORMAL,12040,5002,5008,3304,false,true,false,,,12,-6,999,-0.50,0.26,0.60
3860000,IMU_SAMPLE,QMI8658_1,398,0,3860000,HOLDOVER,OK,,,,,,,NORMAL,12040,5002,5008,3304,false,true,false,,,13,-5,1000,-0.40,0.34,0.65
3870000,IMU_SAMPLE,QMI8658_2,399,0,3870000,HOLDOVER,OK,,,,,,,NORMAL,12040,5002,5008,3304,false,true,false,,,14,-4,1001,-0.30,-0.30,0.70
3880000,IMU_SAMPLE,QMI8658_1,400,0,3880000,HOLDOVER,OK,,,,,,,NORMAL,12040,5002,5008,3304,false,true,false,,,15,-3,998,-0.20,-0.22,0.75
3890000,IMU_SAMPLE,QMI8658_2,401,0,3890000,HOLDOVER,OK,,,,,,,NORMAL,12040,5002,5008,3304,false,true,false,,,16,-2,999,-0.10,-0.14,0.80
3900000,IMU_SAMPLE,QMI8658_1,402,0,3900000,HOLDOVER,OK,,,,,,,NORMAL,12040,5002,5008,3304,false,true,false,,,12,-1,1000,0.00,-0.06,0.20
3910000,IMU_SAMPLE,QMI8658_2,403,0,3910000,HOLDOVER,OK,,,,,,,NORMAL,12040,5002,5008,3304,false,true,false,,,13,0,1001,0.10,0.02,0.25
3920000,IMU_SAMPLE,QMI8658_1,404,0,3920000,HOLDOVER,OK,,,,,,,NORMAL,12040,5002,5008,3304,false,true,false,,,14,-6,998,0.20,0.10,0.30
3930000,IMU_SAMPLE,QMI8658_2,405,0,3930000,HOLDOVER,OK,,,,,,,NORMAL,12040,5002,5008,3304,false,true,false,,,15,-5,999,0.30,0.18,0.35
3940000,IMU_SAMPLE,QMI8658_1,406,0,3940000,HOLDOVER,OK,,,,,,,NORMAL,12040,5002,5008,3304,false,true,false,,,16,-4,1000,0.40,0.26,0.40
3950000,IMU_SAMPLE,QMI8658_2,407,0,3950000,HOLDOVER,OK,,,,,,,NORMAL,12040,5002,5008,3304,false,true,false,,,12,-3,1001,0.50,0.34,0.45
3960000,IMU_SAMPLE,QMI8658_1,408,0,3960000,HOLDOVER,OK,,,,,,,NORMAL,12040,5002,5008,3304,false,true,false,,,13,-2,998,-0.50,-0.30,0.50
3970000,IMU_SAMPLE,QMI8658_2,409,0,3970000,HOLDOVER,OK,,,,,,,NORMAL,12040,5002,5008,3304,false,true,false,,,14,-1,999,-0.40,-0.22,0.55
3980000,IMU_SAMPLE,QMI8658_1,410,0,3980000,HOLDOVER,OK,,,,,,,NORMAL,12040,5002,5008,3304,false,true,false,,,15,0,1000,-0.30,-0.14,0.60
3990000,IMU_SAMPLE,QMI8658_2,411,0,3990000,HOLDOVER,OK,,,,,,,NORMAL,12040,5002,5008,3304,false,true,false,,,16,-6,1001,-0.20,-0.06,0.65
4000000,PPS_RECOVERY,BOARD_PPS,412,4000000,4000000,RECOVERY,OK,,,,,,RECOVERED|VALID,NORMAL,12040,5002,5008,3304,false,true,false,,PPS recovered; next edge resumes authority,,,,,,
4000000,GNSS_STATUS,GNSS_F9P,413,4000000,4000000,RECOVERY,OK,3D_FIX,15,0.92,31.230440,121.473760,,NORMAL,12040,5002,5008,3304,false,true,false,,GNSS status + position sample; not time authority,,,,,,
4000000,IMU_SAMPLE,QMI8658_1,414,0,4000000,RECOVERY,OK,,,,,,,NORMAL,12040,5002,5008,3304,false,true,false,,,12,-5,998,-0.10,0.02,0.70
4010000,IMU_SAMPLE,QMI8658_2,415,0,4010000,RECOVERY,OK,,,,,,,NORMAL,12040,5002,5008,3304,false,true,false,,,13,-4,999,0.00,0.10,0.75
4020000,IMU_SAMPLE,QMI8658_1,416,0,4020000,RECOVERY,OK,,,,,,,NORMAL,12040,5002,5008,3304,false,true,false,,,14,-3,1000,0.10,0.18,0.80
4030000,IMU_SAMPLE,QMI8658_2,417,0,4030000,RECOVERY,OK,,,,,,,NORMAL,12040,5002,5008,3304,false,true,false,,,15,-2,1001,0.20,0.26,0.20
4040000,IMU_SAMPLE,QMI8658_1,418,0,4040000,RECOVERY,OK,,,,,,,NORMAL,12040,5002,5008,3304,false,true,false,,,16,-1,998,0.30,0.34,0.25
4050000,IMU_SAMPLE,QMI8658_2,419,0,4050000,RECOVERY,OK,,,,,,,NORMAL,12040,5002,5008,3304,false,true,false,,,12,0,999,0.40,-0.30,0.30
4060000,IMU_SAMPLE,QMI8658_1,420,0,4060000,RECOVERY,OK,,,,,,,NORMAL,12040,5002,5008,3304,false,true,false,,,13,-6,1000,0.50,-0.22,0.35
4070000,IMU_SAMPLE,QMI8658_2,421,0,4070000,RECOVERY,OK,,,,,,,NORMAL,12040,5002,5008,3304,false,true,false,,,14,-5,1001,-0.50,-0.14,0.40
4080000,IMU_SAMPLE,QMI8658_1,422,0,4080000,RECOVERY,OK,,,,,,,NORMAL,12040,5002,5008,3304,false,true,false,,,15,-4,998,-0.40,-0.06,0.45
4090000,IMU_SAMPLE,QMI8658_2,423,0,4090000,RECOVERY,OK,,,,,,,NORMAL,12040,5002,5008,3304,false,true,false,,,16,-3,999,-0.30,0.02,0.50
4100000,IMU_SAMPLE,QMI8658_1,424,0,4100000,RECOVERY,OK,,,,,,,NORMAL,12040,5002,5008,3304,false,true,false,,,12,-2,1000,-0.20,0.10,0.55
4110000,IMU_SAMPLE,QMI8658_2,425,0,4110000,RECOVERY,OK,,,,,,,NORMAL,12040,5002,5008,3304,false,true,false,,,13,-1,1001,-0.10,0.18,0.60
4120000,IMU_SAMPLE,QMI8658_1,426,0,4120000,RECOVERY,OK,,,,,,,NORMAL,12040,5002,5008,3304,false,true,false,,,14,0,998,0.00,0.26,0.65
4130000,IMU_SAMPLE,QMI8658_2,427,0,4130000,RECOVERY,OK,,,,,,,NORMAL,12040,5002,5008,3304,false,true,false,,,15,-6,999,0.10,0.34,0.70
4140000,IMU_SAMPLE,QMI8658_1,428,0,4140000,RECOVERY,OK,,,,,,,NORMAL,12040,5002,5008,3304,false,true,false,,,16,-5,1000,0.20,-0.30,0.75
4150000,IMU_SAMPLE,QMI8658_2,429,0,4150000,RECOVERY,OK,,,,,,,NORMAL,12040,5002,5008,3304,false,true,false,,,12,-4,1001,0.30,-0.22,0.80
4160000,IMU_SAMPLE,QMI8658_1,430,0,4160000,RECOVERY,OK,,,,,,,NORMAL,12040,5002,5008,3304,false,true,false,,,13,-3,998,0.40,-0.14,0.20
4170000,IMU_SAMPLE,QMI8658_2,431,0,4170000,RECOVERY,OK,,,,,,,NORMAL,12040,5002,5008,3304,false,true,false,,,14,-2,999,0.50,-0.06,0.25
4180000,IMU_SAMPLE,QMI8658_1,432,0,4180000,RECOVERY,OK,,,,,,,NORMAL,12040,5002,5008,3304,false,true,false,,,15,-1,1000,-0.50,0.02,0.30
4190000,IMU_SAMPLE,QMI8658_2,433,0,4190000,RECOVERY,OK,,,,,,,NORMAL,12040,5002,5008,3304,false,true,false,,,16,0,1001,-0.40,0.10,0.35
4200000,IMU_SAMPLE,QMI8658_1,434,0,4200000,RECOVERY,OK,,,,,,,NORMAL,12040,5002,5008,3304,false,true,false,,,12,-6,998,-0.30,0.18,0.40
4210000,IMU_SAMPLE,QMI8658_2,435,0,4210000,RECOVERY,OK,,,,,,,NORMAL,12040,5002,5008,3304,false,true,false,,,13,-5,999,-0.20,0.26,0.45
4220000,IMU_SAMPLE,QMI8658_1,436,0,4220000,RECOVERY,OK,,,,,,,NORMAL,12040,5002,5008,3304,false,true,false,,,14,-4,1000,-0.10,0.34,0.50
4230000,IMU_SAMPLE,QMI8658_2,437,0,4230000,RECOVERY,OK,,,,,,,NORMAL,12040,5002,5008,3304,false,true,false,,,15,-3,1001,0.00,-0.30,0.55
4240000,IMU_SAMPLE,QMI8658_1,438,0,4240000,RECOVERY,OK,,,,,,,NORMAL,12040,5002,5008,3304,false,true,false,,,16,-2,998,0.10,-0.22,0.60
4250000,IMU_SAMPLE,QMI8658_2,439,0,4250000,RECOVERY,OK,,,,,,,NORMAL,12040,5002,5008,3304,false,true,false,,,12,-1,999,0.20,-0.14,0.65
4260000,IMU_SAMPLE,QMI8658_1,440,0,4260000,RECOVERY,OK,,,,,,,NORMAL,12040,5002,5008,3304,false,true,false,,,13,0,1000,0.30,-0.06,0.70
4270000,IMU_SAMPLE,QMI8658_2,441,0,4270000,RECOVERY,OK,,,,,,,NORMAL,12040,5002,5008,3304,false,true,false,,,14,-6,1001,0.40,0.02,0.75
4280000,IMU_SAMPLE,QMI8658_1,442,0,4280000,RECOVERY,OK,,,,,,,NORMAL,12040,5002,5008,3304,false,true,false,,,15,-5,998,0.50,0.10,0.80
4290000,IMU_SAMPLE,QMI8658_2,443,0,4290000,RECOVERY,OK,,,,,,,NORMAL,12040,5002,5008,3304,false,true,false,,,16,-4,999,-0.50,0.18,0.20
4300000,IMU_SAMPLE,QMI8658_1,444,0,4300000,RECOVERY,OK,,,,,,,NORMAL,12040,5002,5008,3304,false,true,false,,,12,-3,1000,-0.40,0.26,0.25
4310000,IMU_SAMPLE,QMI8658_2,445,0,4310000,RECOVERY,OK,,,,,,,NORMAL,12040,5002,5008,3304,false,true,false,,,13,-2,1001,-0.30,0.34,0.30
4320000,IMU_SAMPLE,QMI8658_1,446,0,4320000,RECOVERY,OK,,,,,,,NORMAL,12040,5002,5008,3304,false,true,false,,,14,-1,998,-0.20,-0.30,0.35
4330000,IMU_SAMPLE,QMI8658_2,447,0,4330000,RECOVERY,OK,,,,,,,NORMAL,12040,5002,5008,3304,false,true,false,,,15,0,999,-0.10,-0.22,0.40
4340000,IMU_SAMPLE,QMI8658_1,448,0,4340000,RECOVERY,OK,,,,,,,NORMAL,12040,5002,5008,3304,false,true,false,,,16,-6,1000,0.00,-0.14,0.45
4350000,IMU_SAMPLE,QMI8658_2,449,0,4350000,RECOVERY,OK,,,,,,,NORMAL,12040,5002,5008,3304,false,true,false,,,12,-5,1001,0.10,-0.06,0.50
4360000,IMU_SAMPLE,QMI8658_1,450,0,4360000,RECOVERY,OK,,,,,,,NORMAL,12040,5002,5008,3304,false,true,false,,,13,-4,998,0.20,0.02,0.55
4370000,IMU_SAMPLE,QMI8658_2,451,0,4370000,RECOVERY,OK,,,,,,,NORMAL,12040,5002,5008,3304,false,true,false,,,14,-3,999,0.30,0.10,0.60
4380000,IMU_SAMPLE,QMI8658_1,452,0,4380000,RECOVERY,OK,,,,,,,NORMAL,12040,5002,5008,3304,false,true,false,,,15,-2,1000,0.40,0.18,0.65
4390000,IMU_SAMPLE,QMI8658_2,453,0,4390000,RECOVERY,OK,,,,,,,NORMAL,12040,5002,5008,3304,false,true,false,,,16,-1,1001,0.50,0.26,0.70
4400000,IMU_SAMPLE,QMI8658_1,454,0,4400000,RECOVERY,OK,,,,,,,NORMAL,12040,5002,5008,3304,false,true,false,,,12,0,998,-0.50,0.34,0.75
4410000,IMU_SAMPLE,QMI8658_2,455,0,4410000,RECOVERY,OK,,,,,,,NORMAL,12040,5002,5008,3304,false,true,false,,,13,-6,999,-0.40,-0.30,0.80
4420000,IMU_SAMPLE,QMI8658_1,456,0,4420000,RECOVERY,OK,,,,,,,NORMAL,12040,5002,5008,3304,false,true,false,,,14,-5,1000,-0.30,-0.22,0.20
4430000,IMU_SAMPLE,QMI8658_2,457,0,4430000,RECOVERY,OK,,,,,,,NORMAL,12040,5002,5008,3304,false,true,false,,,15,-4,1001,-0.20,-0.14,0.25
4440000,IMU_SAMPLE,QMI8658_1,458,0,4440000,RECOVERY,OK,,,,,,,NORMAL,12040,5002,5008,3304,false,true,false,,,16,-3,998,-0.10,-0.06,0.30
4450000,IMU_SAMPLE,QMI8658_2,459,0,4450000,RECOVERY,OK,,,,,,,NORMAL,12040,5002,5008,3304,false,true,false,,,12,-2,999,0.00,0.02,0.35
4460000,IMU_SAMPLE,QMI8658_1,460,0,4460000,RECOVERY,OK,,,,,,,NORMAL,12040,5002,5008,3304,false,true,false,,,13,-1,1000,0.10,0.10,0.40
4470000,IMU_SAMPLE,QMI8658_2,461,0,4470000,RECOVERY,OK,,,,,,,NORMAL,12040,5002,5008,3304,false,true,false,,,14,0,1001,0.20,0.18,0.45
4480000,IMU_SAMPLE,QMI8658_1,462,0,4480000,RECOVERY,OK,,,,,,,NORMAL,12040,5002,5008,3304,false,true,false,,,15,-6,998,0.30,0.26,0.50
4490000,IMU_SAMPLE,QMI8658_2,463,0,4490000,RECOVERY,OK,,,,,,,NORMAL,12040,5002,5008,3304,false,true,false,,,16,-5,999,0.40,0.34,0.55
4500000,IMU_SAMPLE,QMI8658_1,464,0,4500000,RECOVERY,OK,,,,,,,NORMAL,12040,5002,5008,3304,false,true,false,,,12,-4,1000,0.50,-0.30,0.60
4510000,IMU_SAMPLE,QMI8658_2,465,0,4510000,RECOVERY,OK,,,,,,,NORMAL,12040,5002,5008,3304,false,true,false,,,13,-3,1001,-0.50,-0.22,0.65
4520000,IMU_SAMPLE,QMI8658_1,466,0,4520000,RECOVERY,OK,,,,,,,NORMAL,12040,5002,5008,3304,false,true,false,,,14,-2,998,-0.40,-0.14,0.70
4530000,IMU_SAMPLE,QMI8658_2,467,0,4530000,RECOVERY,OK,,,,,,,NORMAL,12040,5002,5008,3304,false,true,false,,,15,-1,999,-0.30,-0.06,0.75
4540000,IMU_SAMPLE,QMI8658_1,468,0,4540000,RECOVERY,OK,,,,,,,NORMAL,12040,5002,5008,3304,false,true,false,,,16,0,1000,-0.20,0.02,0.80
4550000,IMU_SAMPLE,QMI8658_2,469,0,4550000,RECOVERY,OK,,,,,,,NORMAL,12040,5002,5008,3304,false,true,false,,,12,-6,1001,-0.10,0.10,0.20
4560000,IMU_SAMPLE,QMI8658_1,470,0,4560000,RECOVERY,OK,,,,,,,NORMAL,12040,5002,5008,3304,false,true,false,,,13,-5,998,0.00,0.18,0.25
4570000,IMU_SAMPLE,QMI8658_2,471,0,4570000,RECOVERY,OK,,,,,,,NORMAL,12040,5002,5008,3304,false,true,false,,,14,-4,999,0.10,0.26,0.30
4580000,IMU_SAMPLE,QMI8658_1,472,0,4580000,RECOVERY,OK,,,,,,,NORMAL,12040,5002,5008,3304,false,true,false,,,15,-3,1000,0.20,0.34,0.35
4590000,IMU_SAMPLE,QMI8658_2,473,0,4590000,RECOVERY,OK,,,,,,,NORMAL,12040,5002,5008,3304,false,true,false,,,16,-2,1001,0.30,-0.30,0.40
4600000,IMU_SAMPLE,QMI8658_1,474,0,4600000,RECOVERY,OK,,,,,,,NORMAL,12040,5002,5008,3304,false,true,false,,,12,-1,998,0.40,-0.22,0.45
4610000,IMU_SAMPLE,QMI8658_2,475,0,4610000,RECOVERY,OK,,,,,,,NORMAL,12040,5002,5008,3304,false,true,false,,,13,0,999,0.50,-0.14,0.50
4620000,IMU_SAMPLE,QMI8658_1,476,0,4620000,RECOVERY,OK,,,,,,,NORMAL,12040,5002,5008,3304,false,true,false,,,14,-6,1000,-0.50,-0.06,0.55
4630000,IMU_SAMPLE,QMI8658_2,477,0,4630000,RECOVERY,OK,,,,,,,NORMAL,12040,5002,5008,3304,false,true,false,,,15,-5,1001,-0.40,0.02,0.60
4640000,IMU_SAMPLE,QMI8658_1,478,0,4640000,RECOVERY,OK,,,,,,,NORMAL,12040,5002,5008,3304,false,true,false,,,16,-4,998,-0.30,0.10,0.65
4650000,IMU_SAMPLE,QMI8658_2,479,0,4650000,RECOVERY,OK,,,,,,,NORMAL,12040,5002,5008,3304,false,true,false,,,12,-3,999,-0.20,0.18,0.70
4660000,IMU_SAMPLE,QMI8658_1,480,0,4660000,RECOVERY,OK,,,,,,,NORMAL,12040,5002,5008,3304,false,true,false,,,13,-2,1000,-0.10,0.26,0.75
4670000,IMU_SAMPLE,QMI8658_2,481,0,4670000,RECOVERY,OK,,,,,,,NORMAL,12040,5002,5008,3304,false,true,false,,,14,-1,1001,0.00,0.34,0.80
4680000,IMU_SAMPLE,QMI8658_1,482,0,4680000,RECOVERY,OK,,,,,,,NORMAL,12040,5002,5008,3304,false,true,false,,,15,0,998,0.10,-0.30,0.20
4690000,IMU_SAMPLE,QMI8658_2,483,0,4690000,RECOVERY,OK,,,,,,,NORMAL,12040,5002,5008,3304,false,true,false,,,16,-6,999,0.20,-0.22,0.25
4700000,IMU_SAMPLE,QMI8658_1,484,0,4700000,RECOVERY,OK,,,,,,,NORMAL,12040,5002,5008,3304,false,true,false,,,12,-5,1000,0.30,-0.14,0.30
4710000,IMU_SAMPLE,QMI8658_2,485,0,4710000,RECOVERY,OK,,,,,,,NORMAL,12040,5002,5008,3304,false,true,false,,,13,-4,1001,0.40,-0.06,0.35
4720000,IMU_SAMPLE,QMI8658_1,486,0,4720000,RECOVERY,OK,,,,,,,NORMAL,12040,5002,5008,3304,false,true,false,,,14,-3,998,0.50,0.02,0.40
4730000,IMU_SAMPLE,QMI8658_2,487,0,4730000,RECOVERY,OK,,,,,,,NORMAL,12040,5002,5008,3304,false,true,false,,,15,-2,999,-0.50,0.10,0.45
4740000,IMU_SAMPLE,QMI8658_1,488,0,4740000,RECOVERY,OK,,,,,,,NORMAL,12040,5002,5008,3304,false,true,false,,,16,-1,1000,-0.40,0.18,0.50
4750000,IMU_SAMPLE,QMI8658_2,489,0,4750000,RECOVERY,OK,,,,,,,NORMAL,12040,5002,5008,3304,false,true,false,,,12,0,1001,-0.30,0.26,0.55
4760000,IMU_SAMPLE,QMI8658_1,490,0,4760000,RECOVERY,OK,,,,,,,NORMAL,12040,5002,5008,3304,false,true,false,,,13,-6,998,-0.20,0.34,0.60
4770000,IMU_SAMPLE,QMI8658_2,491,0,4770000,RECOVERY,OK,,,,,,,NORMAL,12040,5002,5008,3304,false,true,false,,,14,-5,999,-0.10,-0.30,0.65
4780000,IMU_SAMPLE,QMI8658_1,492,0,4780000,RECOVERY,OK,,,,,,,NORMAL,12040,5002,5008,3304,false,true,false,,,15,-4,1000,0.00,-0.22,0.70
4790000,IMU_SAMPLE,QMI8658_2,493,0,4790000,RECOVERY,OK,,,,,,,NORMAL,12040,5002,5008,3304,false,true,false,,,16,-3,1001,0.10,-0.14,0.75
4800000,IMU_SAMPLE,QMI8658_1,494,0,4800000,RECOVERY,OK,,,,,,,NORMAL,12040,5002,5008,3304,false,true,false,,,12,-2,998,0.20,-0.06,0.80
4810000,IMU_SAMPLE,QMI8658_2,495,0,4810000,RECOVERY,OK,,,,,,,NORMAL,12040,5002,5008,3304,false,true,false,,,13,-1,999,0.30,0.02,0.20
4820000,IMU_SAMPLE,QMI8658_1,496,0,4820000,RECOVERY,OK,,,,,,,NORMAL,12040,5002,5008,3304,false,true,false,,,14,0,1000,0.40,0.10,0.25
4830000,IMU_SAMPLE,QMI8658_2,497,0,4830000,RECOVERY,OK,,,,,,,NORMAL,12040,5002,5008,3304,false,true,false,,,15,-6,1001,0.50,0.18,0.30
4840000,IMU_SAMPLE,QMI8658_1,498,0,4840000,RECOVERY,OK,,,,,,,NORMAL,12040,5002,5008,3304,false,true,false,,,16,-5,998,-0.50,0.26,0.35
4850000,IMU_SAMPLE,QMI8658_2,499,0,4850000,RECOVERY,OK,,,,,,,NORMAL,12040,5002,5008,3304,false,true,false,,,12,-4,999,-0.40,0.34,0.40
4860000,IMU_SAMPLE,QMI8658_1,500,0,4860000,RECOVERY,OK,,,,,,,NORMAL,12040,5002,5008,3304,false,true,false,,,13,-3,1000,-0.30,-0.30,0.45
4870000,IMU_SAMPLE,QMI8658_2,501,0,4870000,RECOVERY,OK,,,,,,,NORMAL,12040,5002,5008,3304,false,true,false,,,14,-2,1001,-0.20,-0.22,0.50
4880000,IMU_SAMPLE,QMI8658_1,502,0,4880000,RECOVERY,OK,,,,,,,NORMAL,12040,5002,5008,3304,false,true,false,,,15,-1,998,-0.10,-0.14,0.55
4890000,IMU_SAMPLE,QMI8658_2,503,0,4890000,RECOVERY,OK,,,,,,,NORMAL,12040,5002,5008,3304,false,true,false,,,16,0,999,0.00,-0.06,0.60
4900000,IMU_SAMPLE,QMI8658_1,504,0,4900000,RECOVERY,OK,,,,,,,NORMAL,12040,5002,5008,3304,false,true,false,,,12,-6,1000,0.10,0.02,0.65
4910000,IMU_SAMPLE,QMI8658_2,505,0,4910000,RECOVERY,OK,,,,,,,NORMAL,12040,5002,5008,3304,false,true,false,,,13,-5,1001,0.20,0.10,0.70
4920000,IMU_SAMPLE,QMI8658_1,506,0,4920000,RECOVERY,OK,,,,,,,NORMAL,12040,5002,5008,3304,false,true,false,,,14,-4,998,0.30,0.18,0.75
4930000,IMU_SAMPLE,QMI8658_2,507,0,4930000,RECOVERY,OK,,,,,,,NORMAL,12040,5002,5008,3304,false,true,false,,,15,-3,999,0.40,0.26,0.80
4940000,IMU_SAMPLE,QMI8658_1,508,0,4940000,RECOVERY,OK,,,,,,,NORMAL,12040,5002,5008,3304,false,true,false,,,16,-2,1000,0.50,0.34,0.20
4950000,IMU_SAMPLE,QMI8658_2,509,0,4950000,RECOVERY,OK,,,,,,,NORMAL,12040,5002,5008,3304,false,true,false,,,12,-1,1001,-0.50,-0.30,0.25
4960000,IMU_SAMPLE,QMI8658_1,510,0,4960000,RECOVERY,OK,,,,,,,NORMAL,12040,5002,5008,3304,false,true,false,,,13,0,998,-0.40,-0.22,0.30
4970000,IMU_SAMPLE,QMI8658_2,511,0,4970000,RECOVERY,OK,,,,,,,NORMAL,12040,5002,5008,3304,false,true,false,,,14,-6,999,-0.30,-0.14,0.35
4980000,IMU_SAMPLE,QMI8658_1,512,0,4980000,RECOVERY,OK,,,,,,,NORMAL,12040,5002,5008,3304,false,true,false,,,15,-5,1000,-0.20,-0.06,0.40
4990000,IMU_SAMPLE,QMI8658_2,513,0,4990000,RECOVERY,OK,,,,,,,NORMAL,12040,5002,5008,3304,false,true,false,,,16,-4,1001,-0.10,0.02,0.45
5000000,PPS_EDGE,BOARD_PPS,514,5000000,5000000,LOCKED,OK,,,,,,PPS_LOCKED|VALID,NORMAL,12040,5002,5008,3304,false,true,false,,PPS authority edge,,,,,,
5000000,GNSS_STATUS,GNSS_F9P,515,5000000,5000000,LOCKED,OK,3D_FIX,16,0.95,31.230450,121.473775,,NORMAL,12040,5002,5008,3304,false,true,false,,GNSS status + position sample; not time authority,,,,,,
5000000,IMU_SAMPLE,QMI8658_1,516,0,5000000,LOCKED,OK,,,,,,,NORMAL,12040,5002,5008,3304,false,true,false,,,12,-3,998,0.00,0.10,0.50
5010000,IMU_SAMPLE,QMI8658_2,517,0,5010000,LOCKED,OK,,,,,,,NORMAL,12040,5002,5008,3304,false,true,false,,,13,-2,999,0.10,0.18,0.55
5020000,IMU_SAMPLE,QMI8658_1,518,0,5020000,LOCKED,OK,,,,,,,NORMAL,12040,5002,5008,3304,false,true,false,,,14,-1,1000,0.20,0.26,0.60
5030000,IMU_SAMPLE,QMI8658_2,519,0,5030000,LOCKED,OK,,,,,,,NORMAL,12040,5002,5008,3304,false,true,false,,,15,0,1001,0.30,0.34,0.65
5040000,IMU_SAMPLE,QMI8658_1,520,0,5040000,LOCKED,OK,,,,,,,NORMAL,12040,5002,5008,3304,false,true,false,,,16,-6,998,0.40,-0.30,0.70
5050000,IMU_SAMPLE,QMI8658_2,521,0,5050000,LOCKED,OK,,,,,,,NORMAL,12040,5002,5008,3304,false,true,false,,,12,-5,999,0.50,-0.22,0.75
5060000,IMU_SAMPLE,QMI8658_1,522,0,5060000,LOCKED,OK,,,,,,,NORMAL,12040,5002,5008,3304,false,true,false,,,13,-4,1000,-0.50,-0.14,0.80
5070000,IMU_SAMPLE,QMI8658_2,523,0,5070000,LOCKED,OK,,,,,,,NORMAL,12040,5002,5008,3304,false,true,false,,,14,-3,1001,-0.40,-0.06,0.20
5080000,IMU_SAMPLE,QMI8658_1,524,0,5080000,LOCKED,OK,,,,,,,NORMAL,12040,5002,5008,3304,false,true,false,,,15,-2,998,-0.30,0.02,0.25
5090000,IMU_SAMPLE,QMI8658_2,525,0,5090000,LOCKED,OK,,,,,,,NORMAL,12040,5002,5008,3304,false,true,false,,,16,-1,999,-0.20,0.10,0.30
5100000,IMU_SAMPLE,QMI8658_1,526,0,5100000,LOCKED,OK,,,,,,,NORMAL,12040,5002,5008,3304,false,true,false,,,12,0,1000,-0.10,0.18,0.35
5110000,IMU_SAMPLE,QMI8658_2,527,0,5110000,LOCKED,OK,,,,,,,NORMAL,12040,5002,5008,3304,false,true,false,,,13,-6,1001,0.00,0.26,0.40
5120000,IMU_SAMPLE,QMI8658_1,528,0,5120000,LOCKED,OK,,,,,,,NORMAL,12040,5002,5008,3304,false,true,false,,,14,-5,998,0.10,0.34,0.45
5130000,IMU_SAMPLE,QMI8658_2,529,0,5130000,LOCKED,OK,,,,,,,NORMAL,12040,5002,5008,3304,false,true,false,,,15,-4,999,0.20,-0.30,0.50
5140000,IMU_SAMPLE,QMI8658_1,530,0,5140000,LOCKED,OK,,,,,,,NORMAL,12040,5002,5008,3304,false,true,false,,,16,-3,1000,0.30,-0.22,0.55
5150000,IMU_SAMPLE,QMI8658_2,531,0,5150000,LOCKED,OK,,,,,,,NORMAL,12040,5002,5008,3304,false,true,false,,,12,-2,1001,0.40,-0.14,0.60
5160000,IMU_SAMPLE,QMI8658_1,532,0,5160000,LOCKED,OK,,,,,,,NORMAL,12040,5002,5008,3304,false,true,false,,,13,-1,998,0.50,-0.06,0.65
5170000,IMU_SAMPLE,QMI8658_2,533,0,5170000,LOCKED,OK,,,,,,,NORMAL,12040,5002,5008,3304,false,true,false,,,14,0,999,-0.50,0.02,0.70
5180000,IMU_SAMPLE,QMI8658_1,534,0,5180000,LOCKED,OK,,,,,,,NORMAL,12040,5002,5008,3304,false,true,false,,,15,-6,1000,-0.40,0.10,0.75
5190000,IMU_SAMPLE,QMI8658_2,535,0,5190000,LOCKED,OK,,,,,,,NORMAL,12040,5002,5008,3304,false,true,false,,,16,-5,1001,-0.30,0.18,0.80
5200000,IMU_SAMPLE,QMI8658_1,536,0,5200000,LOCKED,OK,,,,,,,NORMAL,12040,5002,5008,3304,false,true,false,,,12,-4,998,-0.20,0.26,0.20
5210000,IMU_SAMPLE,QMI8658_2,537,0,5210000,LOCKED,OK,,,,,,,NORMAL,12040,5002,5008,3304,false,true,false,,,13,-3,999,-0.10,0.34,0.25
5220000,IMU_SAMPLE,QMI8658_1,538,0,5220000,LOCKED,OK,,,,,,,NORMAL,12040,5002,5008,3304,false,true,false,,,14,-2,1000,0.00,-0.30,0.30
5230000,IMU_SAMPLE,QMI8658_2,539,0,5230000,LOCKED,OK,,,,,,,NORMAL,12040,5002,5008,3304,false,true,false,,,15,-1,1001,0.10,-0.22,0.35
5240000,IMU_SAMPLE,QMI8658_1,540,0,5240000,LOCKED,OK,,,,,,,NORMAL,12040,5002,5008,3304,false,true,false,,,16,0,998,0.20,-0.14,0.40
5250000,IMU_SAMPLE,QMI8658_2,541,0,5250000,LOCKED,OK,,,,,,,NORMAL,12040,5002,5008,3304,false,true,false,,,12,-6,999,0.30,-0.06,0.45
5260000,IMU_SAMPLE,QMI8658_1,542,0,5260000,LOCKED,OK,,,,,,,NORMAL,12040,5002,5008,3304,false,true,false,,,13,-5,1000,0.40,0.02,0.50
5270000,IMU_SAMPLE,QMI8658_2,543,0,5270000,LOCKED,OK,,,,,,,NORMAL,12040,5002,5008,3304,false,true,false,,,14,-4,1001,0.50,0.10,0.55
5280000,IMU_SAMPLE,QMI8658_1,544,0,5280000,LOCKED,OK,,,,,,,NORMAL,12040,5002,5008,3304,false,true,false,,,15,-3,998,-0.50,0.18,0.60
5290000,IMU_SAMPLE,QMI8658_2,545,0,5290000,LOCKED,OK,,,,,,,NORMAL,12040,5002,5008,3304,false,true,false,,,16,-2,999,-0.40,0.26,0.65
5300000,IMU_SAMPLE,QMI8658_1,546,0,5300000,LOCKED,OK,,,,,,,NORMAL,12040,5002,5008,3304,false,true,false,,,12,-1,1000,-0.30,0.34,0.70
5310000,IMU_SAMPLE,QMI8658_2,547,0,5310000,LOCKED,OK,,,,,,,NORMAL,12040,5002,5008,3304,false,true,false,,,13,0,1001,-0.20,-0.30,0.75
5320000,IMU_SAMPLE,QMI8658_1,548,0,5320000,LOCKED,OK,,,,,,,NORMAL,12040,5002,5008,3304,false,true,false,,,14,-6,998,-0.10,-0.22,0.80
5330000,IMU_SAMPLE,QMI8658_2,549,0,5330000,LOCKED,OK,,,,,,,NORMAL,12040,5002,5008,3304,false,true,false,,,15,-5,999,0.00,-0.14,0.20
5340000,IMU_SAMPLE,QMI8658_1,550,0,5340000,LOCKED,OK,,,,,,,NORMAL,12040,5002,5008,3304,false,true,false,,,16,-4,1000,0.10,-0.06,0.25
5350000,IMU_SAMPLE,QMI8658_2,551,0,5350000,LOCKED,OK,,,,,,,NORMAL,12040,5002,5008,3304,false,true,false,,,12,-3,1001,0.20,0.02,0.30
5360000,IMU_SAMPLE,QMI8658_1,552,0,5360000,LOCKED,OK,,,,,,,NORMAL,12040,5002,5008,3304,false,true,false,,,13,-2,998,0.30,0.10,0.35
5370000,IMU_SAMPLE,QMI8658_2,553,0,5370000,LOCKED,OK,,,,,,,NORMAL,12040,5002,5008,3304,false,true,false,,,14,-1,999,0.40,0.18,0.40
5380000,IMU_SAMPLE,QMI8658_1,554,0,5380000,LOCKED,OK,,,,,,,NORMAL,12040,5002,5008,3304,false,true,false,,,15,0,1000,0.50,0.26,0.45
5390000,IMU_SAMPLE,QMI8658_2,555,0,5390000,LOCKED,OK,,,,,,,NORMAL,12040,5002,5008,3304,false,true,false,,,16,-6,1001,-0.50,0.34,0.50
5400000,IMU_SAMPLE,QMI8658_1,556,0,5400000,LOCKED,OK,,,,,,,NORMAL,12040,5002,5008,3304,false,true,false,,,12,-5,998,-0.40,-0.30,0.55
5410000,IMU_SAMPLE,QMI8658_2,557,0,5410000,LOCKED,OK,,,,,,,NORMAL,12040,5002,5008,3304,false,true,false,,,13,-4,999,-0.30,-0.22,0.60
5420000,IMU_SAMPLE,QMI8658_1,558,0,5420000,LOCKED,OK,,,,,,,NORMAL,12040,5002,5008,3304,false,true,false,,,14,-3,1000,-0.20,-0.14,0.65
5430000,IMU_SAMPLE,QMI8658_2,559,0,5430000,LOCKED,OK,,,,,,,NORMAL,12040,5002,5008,3304,false,true,false,,,15,-2,1001,-0.10,-0.06,0.70
5440000,IMU_SAMPLE,QMI8658_1,560,0,5440000,LOCKED,OK,,,,,,,NORMAL,12040,5002,5008,3304,false,true,false,,,16,-1,998,0.00,0.02,0.75
5450000,IMU_SAMPLE,QMI8658_2,561,0,5450000,LOCKED,OK,,,,,,,NORMAL,12040,5002,5008,3304,false,true,false,,,12,0,999,0.10,0.10,0.80
5460000,IMU_SAMPLE,QMI8658_1,562,0,5460000,LOCKED,OK,,,,,,,NORMAL,12040,5002,5008,3304,false,true,false,,,13,-6,1000,0.20,0.18,0.20
5470000,IMU_SAMPLE,QMI8658_2,563,0,5470000,LOCKED,OK,,,,,,,NORMAL,12040,5002,5008,3304,false,true,false,,,14,-5,1001,0.30,0.26,0.25
5480000,IMU_SAMPLE,QMI8658_1,564,0,5480000,LOCKED,OK,,,,,,,NORMAL,12040,5002,5008,3304,false,true,false,,,15,-4,998,0.40,0.34,0.30
5490000,IMU_SAMPLE,QMI8658_2,565,0,5490000,LOCKED,OK,,,,,,,NORMAL,12040,5002,5008,3304,false,true,false,,,16,-3,999,0.50,-0.30,0.35
5500000,IMU_SAMPLE,QMI8658_1,566,0,5500000,LOCKED,OK,,,,,,,NORMAL,12040,5002,5008,3304,false,true,false,,,12,-2,1000,-0.50,-0.22,0.40
5510000,IMU_SAMPLE,QMI8658_2,567,0,5510000,LOCKED,OK,,,,,,,NORMAL,12040,5002,5008,3304,false,true,false,,,13,-1,1001,-0.40,-0.14,0.45
5520000,IMU_SAMPLE,QMI8658_1,568,0,5520000,LOCKED,OK,,,,,,,NORMAL,12040,5002,5008,3304,false,true,false,,,14,0,998,-0.30,-0.06,0.50
5530000,IMU_SAMPLE,QMI8658_2,569,0,5530000,LOCKED,OK,,,,,,,NORMAL,12040,5002,5008,3304,false,true,false,,,15,-6,999,-0.20,0.02,0.55
5540000,IMU_SAMPLE,QMI8658_1,570,0,5540000,LOCKED,OK,,,,,,,NORMAL,12040,5002,5008,3304,false,true,false,,,16,-5,1000,-0.10,0.10,0.60
5550000,IMU_SAMPLE,QMI8658_2,571,0,5550000,LOCKED,OK,,,,,,,NORMAL,12040,5002,5008,3304,false,true,false,,,12,-4,1001,0.00,0.18,0.65
5560000,IMU_SAMPLE,QMI8658_1,572,0,5560000,LOCKED,OK,,,,,,,NORMAL,12040,5002,5008,3304,false,true,false,,,13,-3,998,0.10,0.26,0.70
5570000,IMU_SAMPLE,QMI8658_2,573,0,5570000,LOCKED,OK,,,,,,,NORMAL,12040,5002,5008,3304,false,true,false,,,14,-2,999,0.20,0.34,0.75
5580000,IMU_SAMPLE,QMI8658_1,574,0,5580000,LOCKED,OK,,,,,,,NORMAL,12040,5002,5008,3304,false,true,false,,,15,-1,1000,0.30,-0.30,0.80
5590000,IMU_SAMPLE,QMI8658_2,575,0,5590000,LOCKED,OK,,,,,,,NORMAL,12040,5002,5008,3304,false,true,false,,,16,0,1001,0.40,-0.22,0.20
5600000,IMU_SAMPLE,QMI8658_1,576,0,5600000,LOCKED,OK,,,,,,,NORMAL,12040,5002,5008,3304,false,true,false,,,12,-6,998,0.50,-0.14,0.25
5610000,IMU_SAMPLE,QMI8658_2,577,0,5610000,LOCKED,OK,,,,,,,NORMAL,12040,5002,5008,3304,false,true,false,,,13,-5,999,-0.50,-0.06,0.30
5620000,IMU_SAMPLE,QMI8658_1,578,0,5620000,LOCKED,OK,,,,,,,NORMAL,12040,5002,5008,3304,false,true,false,,,14,-4,1000,-0.40,0.02,0.35
5630000,IMU_SAMPLE,QMI8658_2,579,0,5630000,LOCKED,OK,,,,,,,NORMAL,12040,5002,5008,3304,false,true,false,,,15,-3,1001,-0.30,0.10,0.40
5640000,IMU_SAMPLE,QMI8658_1,580,0,5640000,LOCKED,OK,,,,,,,NORMAL,12040,5002,5008,3304,false,true,false,,,16,-2,998,-0.20,0.18,0.45
5650000,IMU_SAMPLE,QMI8658_2,581,0,5650000,LOCKED,OK,,,,,,,NORMAL,12040,5002,5008,3304,false,true,false,,,12,-1,999,-0.10,0.26,0.50
5660000,IMU_SAMPLE,QMI8658_1,582,0,5660000,LOCKED,OK,,,,,,,NORMAL,12040,5002,5008,3304,false,true,false,,,13,0,1000,0.00,0.34,0.55
5670000,IMU_SAMPLE,QMI8658_2,583,0,5670000,LOCKED,OK,,,,,,,NORMAL,12040,5002,5008,3304,false,true,false,,,14,-6,1001,0.10,-0.30,0.60
5680000,IMU_SAMPLE,QMI8658_1,584,0,5680000,LOCKED,OK,,,,,,,NORMAL,12040,5002,5008,3304,false,true,false,,,15,-5,998,0.20,-0.22,0.65
5690000,IMU_SAMPLE,QMI8658_2,585,0,5690000,LOCKED,OK,,,,,,,NORMAL,12040,5002,5008,3304,false,true,false,,,16,-4,999,0.30,-0.14,0.70
5700000,IMU_SAMPLE,QMI8658_1,586,0,5700000,LOCKED,OK,,,,,,,NORMAL,12040,5002,5008,3304,false,true,false,,,12,-3,1000,0.40,-0.06,0.75
5710000,IMU_SAMPLE,QMI8658_2,587,0,5710000,LOCKED,OK,,,,,,,NORMAL,12040,5002,5008,3304,false,true,false,,,13,-2,1001,0.50,0.02,0.80
5720000,IMU_SAMPLE,QMI8658_1,588,0,5720000,LOCKED,OK,,,,,,,NORMAL,12040,5002,5008,3304,false,true,false,,,14,-1,998,-0.50,0.10,0.20
5730000,IMU_SAMPLE,QMI8658_2,589,0,5730000,LOCKED,OK,,,,,,,NORMAL,12040,5002,5008,3304,false,true,false,,,15,0,999,-0.40,0.18,0.25
5740000,IMU_SAMPLE,QMI8658_1,590,0,5740000,LOCKED,OK,,,,,,,NORMAL,12040,5002,5008,3304,false,true,false,,,16,-6,1000,-0.30,0.26,0.30
5750000,IMU_SAMPLE,QMI8658_2,591,0,5750000,LOCKED,OK,,,,,,,NORMAL,12040,5002,5008,3304,false,true,false,,,12,-5,1001,-0.20,0.34,0.35
5760000,IMU_SAMPLE,QMI8658_1,592,0,5760000,LOCKED,OK,,,,,,,NORMAL,12040,5002,5008,3304,false,true,false,,,13,-4,998,-0.10,-0.30,0.40
5770000,IMU_SAMPLE,QMI8658_2,593,0,5770000,LOCKED,OK,,,,,,,NORMAL,12040,5002,5008,3304,false,true,false,,,14,-3,999,0.00,-0.22,0.45
5780000,IMU_SAMPLE,QMI8658_1,594,0,5780000,LOCKED,OK,,,,,,,NORMAL,12040,5002,5008,3304,false,true,false,,,15,-2,1000,0.10,-0.14,0.50
5790000,IMU_SAMPLE,QMI8658_2,595,0,5790000,LOCKED,OK,,,,,,,NORMAL,12040,5002,5008,3304,false,true,false,,,16,-1,1001,0.20,-0.06,0.55
5800000,IMU_SAMPLE,QMI8658_1,596,0,5800000,LOCKED,OK,,,,,,,NORMAL,12040,5002,5008,3304,false,true,false,,,12,0,998,0.30,0.02,0.60
5810000,IMU_SAMPLE,QMI8658_2,597,0,5810000,LOCKED,OK,,,,,,,NORMAL,12040,5002,5008,3304,false,true,false,,,13,-6,999,0.40,0.10,0.65
5820000,IMU_SAMPLE,QMI8658_1,598,0,5820000,LOCKED,OK,,,,,,,NORMAL,12040,5002,5008,3304,false,true,false,,,14,-5,1000,0.50,0.18,0.70
5830000,IMU_SAMPLE,QMI8658_2,599,0,5830000,LOCKED,OK,,,,,,,NORMAL,12040,5002,5008,3304,false,true,false,,,15,-4,1001,-0.50,0.26,0.75
5840000,IMU_SAMPLE,QMI8658_1,600,0,5840000,LOCKED,OK,,,,,,,NORMAL,12040,5002,5008,3304,false,true,false,,,16,-3,998,-0.40,0.34,0.80
5850000,IMU_SAMPLE,QMI8658_2,601,0,5850000,LOCKED,OK,,,,,,,NORMAL,12040,5002,5008,3304,false,true,false,,,12,-2,999,-0.30,-0.30,0.20
5860000,IMU_SAMPLE,QMI8658_1,602,0,5860000,LOCKED,OK,,,,,,,NORMAL,12040,5002,5008,3304,false,true,false,,,13,-1,1000,-0.20,-0.22,0.25
5870000,IMU_SAMPLE,QMI8658_2,603,0,5870000,LOCKED,OK,,,,,,,NORMAL,12040,5002,5008,3304,false,true,false,,,14,0,1001,-0.10,-0.14,0.30
5880000,IMU_SAMPLE,QMI8658_1,604,0,5880000,LOCKED,OK,,,,,,,NORMAL,12040,5002,5008,3304,false,true,false,,,15,-6,998,0.00,-0.06,0.35
5890000,IMU_SAMPLE,QMI8658_2,605,0,5890000,LOCKED,OK,,,,,,,NORMAL,12040,5002,5008,3304,false,true,false,,,16,-5,999,0.10,0.02,0.40
5900000,IMU_SAMPLE,QMI8658_1,606,0,5900000,LOCKED,OK,,,,,,,NORMAL,12040,5002,5008,3304,false,true,false,,,12,-4,1000,0.20,0.10,0.45
5910000,IMU_SAMPLE,QMI8658_2,607,0,5910000,LOCKED,OK,,,,,,,NORMAL,12040,5002,5008,3304,false,true,false,,,13,-3,1001,0.30,0.18,0.50
5920000,IMU_SAMPLE,QMI8658_1,608,0,5920000,LOCKED,OK,,,,,,,NORMAL,12040,5002,5008,3304,false,true,false,,,14,-2,998,0.40,0.26,0.55
5930000,IMU_SAMPLE,QMI8658_2,609,0,5930000,LOCKED,OK,,,,,,,NORMAL,12040,5002,5008,3304,false,true,false,,,15,-1,999,0.50,0.34,0.60
5940000,IMU_SAMPLE,QMI8658_1,610,0,5940000,LOCKED,OK,,,,,,,NORMAL,12040,5002,5008,3304,false,true,false,,,16,0,1000,-0.50,-0.30,0.65
5950000,IMU_SAMPLE,QMI8658_2,611,0,5950000,LOCKED,OK,,,,,,,NORMAL,12040,5002,5008,3304,false,true,false,,,12,-6,1001,-0.40,-0.22,0.70
5960000,IMU_SAMPLE,QMI8658_1,612,0,5960000,LOCKED,OK,,,,,,,NORMAL,12040,5002,5008,3304,false,true,false,,,13,-5,998,-0.30,-0.14,0.75
5970000,IMU_SAMPLE,QMI8658_2,613,0,5970000,LOCKED,OK,,,,,,,NORMAL,12040,5002,5008,3304,false,true,false,,,14,-4,999,-0.20,-0.06,0.80
5980000,IMU_SAMPLE,QMI8658_1,614,0,5980000,LOCKED,OK,,,,,,,NORMAL,12040,5002,5008,3304,false,true,false,,,15,-3,1000,-0.10,0.02,0.20
5990000,IMU_SAMPLE,QMI8658_2,615,0,5990000,LOCKED,OK,,,,,,,NORMAL,12040,5002,5008,3304,false,true,false,,,16,-2,1001,0.00,0.10,0.25
6000000,PPS_EDGE,BOARD_PPS,616,6000000,6000000,LOCKED,OK,,,,,,PPS_LOCKED|VALID,NORMAL,12040,5002,5008,3304,false,true,false,,PPS authority edge,,,,,,
6000000,GNSS_STATUS,GNSS_F9P,617,6000000,6000000,LOCKED,OK,3D_FIX,14,0.98,31.230460,121.473790,,NORMAL,12040,5002,5008,3304,false,true,false,,GNSS status + position sample; not time authority,,,,,,
6000000,IMU_SAMPLE,QMI8658_1,618,0,6000000,LOCKED,OK,,,,,,,NORMAL,12040,5002,5008,3304,false,true,false,,,12,-1,998,0.10,0.18,0.30
