board_time_us,event_type,sensor_id,seq_num,seq_gap,loss_detected,input_sync_state,dca_state,dca_corrected_time_us,dca_offset_us,dca_drift_ppm,dca_confidence,dca_residual,note
0,PPS_EDGE,BOARD_PPS,1,,false,LOCKED,NORMAL,1,0.0,0.0,0.91,0.0,PPS authority edge
0,GNSS_STATUS,GNSS_F9P,2,,false,LOCKED,NORMAL,0,0.0,0.0,0.91,0,GNSS status + position sample; not time authority
0,IMU_SAMPLE,QMI8658_1,3,,false,LOCKED,NORMAL,0,0.0,0.0,0.91,0,
10000,IMU_SAMPLE,QMI8658_2,4,,false,LOCKED,NORMAL,10000,0.0,0.0,0.91,0,
20000,IMU_SAMPLE,QMI8658_1,5,,false,LOCKED,NORMAL,20000,0.0,0.0,0.91,0,
30000,IMU_SAMPLE,QMI8658_2,6,,false,LOCKED,NORMAL,30000,0.0,0.0,0.91,0,
40000,IMU_SAMPLE,QMI8658_1,7,,false,LOCKED,NORMAL,40000,0.0,0.0,0.91,0,
50000,IMU_SAMPLE,QMI8658_2,8,,false,LOCKED,NORMAL,50000,0.0,0.0,0.91,0,
60000,IMU_SAMPLE,QMI8658_1,9,,false,LOCKED,NORMAL,60000,0.0,0.0,0.91,0,
70000,IMU_SAMPLE,QMI8658_2,10,,false,LOCKED,NORMAL,70000,0.0,0.0,0.91,0,
80000,IMU_SAMPLE,QMI8658_1,11,,false,LOCKED,NORMAL,80000,0.0,0.0,0.91,0,
90000,IMU_SAMPLE,QMI8658_2,12,,false,LOCKED,NORMAL,90000,0.0,0.0,0.91,0,
100000,IMU_SAMPLE,QMI8658_1,13,,false,LOCKED,NORMAL,100000,0.0,0.0,0.91,0,
110000,IMU_SAMPLE,QMI8658_2,14,,false,LOCKED,NORMAL,110000,0.0,0.0,0.91,0,
120000,IMU_SAMPLE,QMI8658_1,15,,false,LOCKED,NORMAL,120000,0.0,0.0,0.91,0,
130000,IMU_SAMPLE,QMI8658_2,16,,false,LOCKED,NORMAL,130000,0.0,0.0,0.91,0,
140000,IMU_SAMPLE,QMI8658_1,17,,false,LOCKED,NORMAL,140000,0.0,0.0,0.91,0,
150000,IMU_SAMPLE,QMI8658_2,18,,false,LOCKED,NORMAL,150000,0.0,0.0,0.91,0,
160000,IMU_SAMPLE,QMI8658_1,19,,false,LOCKED,NORMAL,160000,0.0,0.0,0.91,0,
170000,IMU_SAMPLE,QMI8658_2,20,,false,LOCKED,NORMAL,170000,0.0,0.0,0.91,0,
180000,IMU_SAMPLE,QMI8658_1,21,,false,LOCKED,NORMAL,180000,0.0,0.0,0.91,0,
190000,IMU_SAMPLE,QMI8658_2,22,,false,LOCKED,NORMAL,190000,0.0,0.0,0.91,0,
200000,IMU_SAMPLE,QMI8658_1,23,,false,LOCKED,NORMAL,200000,0.0,0.0,0.91,0,
210000,IMU_SAMPLE,QMI8658_2,24,,false,LOCKED,NORMAL,210000,0.0,0.0,0.91,0,
220000,IMU_SAMPLE,QMI8658_1,25,,false,LOCKED,NORMAL,220000,0.0,0.0,0.91,0,
230000,IMU_SAMPLE,QMI8658_2,26,,false,LOCKED,NORMAL,230000,0.0,0.0,0.91,0,
240000,IMU_SAMPLE,QMI8658_1,27,,false,LOCKED,NORMAL,240000,0.0,0.0,0.91,0,
250000,IMU_SAMPLE,QMI8658_2,28,,false,LOCKED,NORMAL,250000,0.0,0.0,0.91,0,
260000,IMU_SAMPLE,QMI8658_1,29,,false,LOCKED,NORMAL,260000,0.0,0.0,0.91,0,
270000,IMU_SAMPLE,QMI8658_2,30,,false,LOCKED,NORMAL,270000,0.0,0.0,0.91,0,
280000,IMU_SAMPLE,QMI8658_1,31,,false,LOCKED,NORMAL,280000,0.0,0.0,0.91,0,
290000,IMU_SAMPLE,QMI8658_2,32,,false,LOCKED,NORMAL,290000,0.0,0.0,0.91,0,
300000,IMU_SAMPLE,QMI8658_1,33,,false,LOCKED,NORMAL,300000,0.0,0.0,0.91,0,
310000,IMU_SAMPLE,QMI8658_2,34,,false,LOCKED,NORMAL,310000,0.0,0.0,0.91,0,
320000,IMU_SAMPLE,QMI8658_1,35,,false,LOCKED,NORMAL,320000,0.0,0.0,0.91,0,
330000,IMU_SAMPLE,QMI8658_2,36,,false,LOCKED,NORMAL,330000,0.0,0.0,0.91,0,
340000,IMU_SAMPLE,QMI8658_1,37,,false,LOCKED,NORMAL,340000,0.0,0.0,0.91,0,
350000,IMU_SAMPLE,QMI8658_2,38,,false,LOCKED,NORMAL,350000,0.0,0.0,0.91,0,
360000,IMU_SAMPLE,QMI8658_1,39,,false,LOCKED,NORMAL,360000,0.0,0.0,0.91,0,
370000,IMU_SAMPLE,QMI8658_2,40,,false,LOCKED,NORMAL,370000,0.0,0.0,0.91,0,
380000,IMU_SAMPLE,QMI8658_1,41,,false,LOCKED,NORMAL,380000,0.0,0.0,0.91,0,
390000,IMU_SAMPLE,QMI8658_2,42,,false,LOCKED,NORMAL,390000,0.0,0.0,0.91,0,
400000,IMU_SAMPLE,QMI8658_1,43,,false,LOCKED,NORMAL,400000,0.0,0.0,0.91,0,
410000,IMU_SAMPLE,QMI8658_2,44,,false,LOCKED,NORMAL,410000,0.0,0.0,0.91,0,
420000,IMU_SAMPLE,QMI8658_1,45,,false,LOCKED,NORMAL,420000,0.0,0.0,0.91,0,
430000,IMU_SAMPLE,QMI8658_2,46,,false,LOCKED,NORMAL,430000,0.0,0.0,0.91,0,
440000,IMU_SAMPLE,QMI8658_1,47,,false,LOCKED,NORMAL,440000,0.0,0.0,0.91,0,
450000,IMU_SAMPLE,QMI8658_2,48,,false,LOCKED,NORMAL,450000,0.0,0.0,0.91,0,
460000,IMU_SAMPLE,QMI8658_1,49,,false,LOCKED,NORMAL,460000,0.0,0.0,0.91,0,
470000,IMU_SAMPLE,QMI8658_2,50,,false,LOCKED,NORMAL,470000,0.0,0.0,0.91,0,
480000,IMU_SAMPLE,QMI8658_1,51,,false,LOCKED,NORMAL,480000,0.0,0.0,0.91,0,
490000,IMU_SAMPLE,QMI8658_2,52,,false,LOCKED,NORMAL,490000,0.0,0.0,0.91,0,
500000,IMU_SAMPLE,QMI8658_1,53,,false,LOCKED,NORMAL,500000,0.0,0.0,0.91,0,
510000,IMU_SAMPLE,QMI8658_2,54,,false,LOCKED,NORMAL,510000,0.0,0.0,0.91,0,
520000,IMU_SAMPLE,QMI8658_1,55,,false,LOCKED,NORMAL,520000,0.0,0.0,0.91,0,
530000,IMU_SAMPLE,QMI8658_2,56,,false,LOCKED,NORMAL,530000,0.0,0.0,0.91,0,
540000,IMU_SAMPLE,QMI8658_1,57,,false,LOCKED,NORMAL,540000,0.0,0.0,0.91,0,
550000,IMU_SAMPLE,QMI8658_2,58,,false,LOCKED,NORMAL,550000,0.0,0.0,0.91,0,
560000,IMU_SAMPLE,QMI8658_1,59,,false,LOCKED,NORMAL,560000,0.0,0.0,0.91,0,
570000,IMU_SAMPLE,QMI8658_2,60,,false,LOCKED,NORMAL,570000,0.0,0.0,0.91,0,
580000,IMU_SAMPLE,QMI8658_1,61,,false,LOCKED,NORMAL,580000,0.0,0.0,0.91,0,
590000,IMU_SAMPLE,QMI8658_2,62,,false,LOCKED,NORMAL,590000,0.0,0.0,0.91,0,
600000,IMU_SAMPLE,QMI8658_1,63,,false,LOCKED,NORMAL,600000,0.0,0.0,0.91,0,
610000,IMU_SAMPLE,QMI8658_2,64,,false,LOCKED,NORMAL,610000,0.0,0.0,0.91,0,
620000,IMU_SAMPLE,QMI8658_1,65,,false,LOCKED,NORMAL,620000,0.0,0.0,0.91,0,
630000,IMU_SAMPLE,QMI8658_2,66,,false,LOCKED,NORMAL,630000,0.0,0.0,0.91,0,
640000,IMU_SAMPLE,QMI8658_1,67,,false,LOCKED,NORMAL,640000,0.0,0.0,0.91,0,
650000,IMU_SAMPLE,QMI8658_2,68,,false,LOCKED,NORMAL,650000,0.0,0.0,0.91,0,
660000,IMU_SAMPLE,QMI8658_1,69,,false,LOCKED,NORMAL,660000,0.0,0.0,0.91,0,
670000,IMU_SAMPLE,QMI8658_2,70,,false,LOCKED,NORMAL,670000,0.0,0.0,0.91,0,
680000,IMU_SAMPLE,QMI8658_1,71,,false,LOCKED,NORMAL,680000,0.0,0.0,0.91,0,
690000,IMU_SAMPLE,QMI8658_2,72,,false,LOCKED,NORMAL,690000,0.0,0.0,0.91,0,
700000,IMU_SAMPLE,QMI8658_1,73,,false,LOCKED,NORMAL,700000,0.0,0.0,0.91,0,
710000,IMU_SAMPLE,QMI8658_2,74,,false,LOCKED,NORMAL,710000,0.0,0.0,0.91,0,
720000,IMU_SAMPLE,QMI8658_1,75,,false,LOCKED,NORMAL,720000,0.0,0.0,0.91,0,
730000,IMU_SAMPLE,QMI8658_2,76,,false,LOCKED,NORMAL,730000,0.0,0.0,0.91,0,
740000,IMU_SAMPLE,QMI8658_1,77,,false,LOCKED,NORMAL,740000,0.0,0.0,0.91,0,
750000,IMU_SAMPLE,QMI8658_2,78,,false,LOCKED,NORMAL,750000,0.0,0.0,0.91,0,
760000,IMU_SAMPLE,QMI8658_1,79,,false,LOCKED,NORMAL,760000,0.0,0.0,0.91,0,
770000,IMU_SAMPLE,QMI8658_2,80,,false,LOCKED,NORMAL,770000,0.0,0.0,0.91,0,
780000,IMU_SAMPLE,QMI8658_1,81,,false,LOCKED,NORMAL,780000,0.0,0.0,0.91,0,
790000,IMU_SAMPLE,QMI8658_2,82,,false,LOCKED,NORMAL,790000,0.0,0.0,0.91,0,
800000,IMU_SAMPLE,QMI8658_1,83,,false,LOCKED,NORMAL,800000,0.0,0.0,0.91,0,
810000,IMU_SAMPLE,QMI8658_2,84,,false,LOCKED,NORMAL,810000,0.0,0.0,0.91,0,
820000,IMU_SAMPLE,QMI8658_1,85,,false,LOCKED,NORMAL,820000,0.0,0.0,0.91,0,
830000,IMU_SAMPLE,QMI8658_2,86,,false,LOCKED,NORMAL,830000,0.0,0.0,0.91,0,
840000,IMU_SAMPLE,QMI8658_1,87,,false,LOCKED,NORMAL,840000,0.0,0.0,0.91,0,
850000,IMU_SAMPLE,QMI8658_2,88,,false,LOCKED,NORMAL,850000,0.0,0.0,0.91,0,
860000,IMU_SAMPLE,QMI8658_1,89,,false,LOCKED,NORMAL,860000,0.0,0.0,0.91,0,
870000,IMU_SAMPLE,QMI8658_2,90,,false,LOCKED,NORMAL,870000,0.0,0.0,0.91,0,
880000,IMU_SAMPLE,QMI8658_1,91,,false,LOCKED,NORMAL,880000,0.0,0.0,0.91,0,
890000,IMU_SAMPLE,QMI8658_2,92,,false,LOCKED,NORMAL,890000,0.0,0.0,0.91,0,
900000,IMU_SAMPLE,QMI8658_1,93,,false,LOCKED,NORMAL,900000,0.0,0.0,0.91,0,
910000,IMU_SAMPLE,QMI8658_2,94,,false,LOCKED,NORMAL,910000,0.0,0.0,0.91,0,
920000,IMU_SAMPLE,QMI8658_1,95,,false,LOCKED,NORMAL,920000,0.0,0.0,0.91,0,
930000,IMU_SAMPLE,QMI8658_2,96,,false,LOCKED,NORMAL,930000,0.0,0.0,0.91,0,
940000,IMU_SAMPLE,QMI8658_1,97,,false,LOCKED,NORMAL,940000,0.0,0.0,0.91,0,
950000,IMU_SAMPLE,QMI8658_2,98,,false,LOCKED,NORMAL,950000,0.0,0.0,0.91,0,
960000,IMU_SAMPLE,QMI8658_1,99,,false,LOCKED,NORMAL,960000,0.0,0.0,0.91,0,
970000,IMU_SAMPLE,QMI8658_2,100,,false,LOCKED,NORMAL,970000,0.0,0.0,0.91,0,
980000,IMU_SAMPLE,QMI8658_1,101,,false,LOCKED,NORMAL,980000,0.0,0.0,0.91,0,
990000,IMU_SAMPLE,QMI8658_2,102,,false,LOCKED,NORMAL,990000,0.0,0.0,0.91,0,
1000000,PPS_EDGE,BOARD_PPS,103,,false,LOCKED,NORMAL,1000000,0.0,0.0,0.92,0.0,PPS authority edge
1000000,GNSS_STATUS,GNSS_F9P,104,,false,LOCKED,NORMAL,1000000,0.0,0.0,0.92,0,GNSS status + position sample; not time authority
1000000,IMU_SAMPLE,QMI8658_1,105,,false,LOCKED,NORMAL,1000000,0.0,0.0,0.92,0,
1010000,IMU_SAMPLE,QMI8658_2,106,,false,LOCKED,NORMAL,1010000,0.0,0.0,0.92,0,
1020000,IMU_SAMPLE,QMI8658_1,107,,false,LOCKED,NORMAL,1020000,0.0,0.0,0.92,0,
1030000,IMU_SAMPLE,QMI8658_2,108,,false,LOCKED,NORMAL,1030000,0.0,0.0,0.92,0,
1040000,IMU_SAMPLE,QMI8658_1,109,,false,LOCKED,NORMAL,1040000,0.0,0.0,0.92,0,
1050000,IMU_SAMPLE,QMI8658_2,110,,false,LOCKED,NORMAL,1050000,0.0,0.0,0.92,0,
1060000,IMU_SAMPLE,QMI8658_1,111,,false,LOCKED,NORMAL,1060000,0.0,0.0,0.92,0,
1070000,IMU_SAMPLE,QMI8658_2,112,,false,LOCKED,NORMAL,1070000,0.0,0.0,0.92,0,
1080000,IMU_SAMPLE,QMI8658_1,113,,false,LOCKED,NORMAL,1080000,0.0,0.0,0.92,0,
1090000,IMU_SAMPLE,QMI8658_2,114,,false,LOCKED,NORMAL,1090000,0.0,0.0,0.92,0,
1100000,IMU_SAMPLE,QMI8658_1,115,,false,LOCKED,NORMAL,1100000,0.0,0.0,0.92,0,
1110000,IMU_SAMPLE,QMI8658_2,116,,false,LOCKED,NORMAL,1110000,0.0,0.0,0.92,0,
1120000,IMU_SAMPLE,QMI8658_1,117,,false,LOCKED,NORMAL,1120000,0.0,0.0,0.92,0,
1130000,IMU_SAMPLE,QMI8658_2,118,,false,LOCKED,NORMAL,1130000,0.0,0.0,0.92,0,
1140000,IMU_SAMPLE,QMI8658_1,119,,false,LOCKED,NORMAL,1140000,0.0,0.0,0.92,0,
1150000,IMU_SAMPLE,QMI8658_2,120,,false,LOCKED,NORMAL,1150000,0.0,0.0,0.92,0,
1160000,IMU_SAMPLE,QMI8658_1,121,,false,LOCKED,NORMAL,1160000,0.0,0.0,0.92,0,
1170000,IMU_SAMPLE,QMI8658_2,122,,false,LOCKED,NORMAL,1170000,0.0,0.0,0.92,0,
1180000,IMU_SAMPLE,QMI8658_1,123,,false,LOCKED,NORMAL,1180000,0.0,0.0,0.92,0,
1190000,IMU_SAMPLE,QMI8658_2,124,,false,LOCKED,NORMAL,1190000,0.0,0.0,0.92,0,
1200000,IMU_SAMPLE,QMI8658_1,125,,false,LOCKED,NORMAL,1200000,0.0,0.0,0.92,0,
1210000,IMU_SAMPLE,QMI8658_2,126,,false,LOCKED,NORMAL,1210000,0.0,0.0,0.92,0,
1220000,IMU_SAMPLE,QMI8658_1,127,,false,LOCKED,NORMAL,1220000,0.0,0.0,0.92,0,
1230000,IMU_SAMPLE,QMI8658_2,128,,false,LOCKED,NORMAL,1230000,0.0,0.0,0.92,0,
1240000,IMU_SAMPLE,QMI8658_1,129,,false,LOCKED,NORMAL,1240000,0.0,0.0,0.92,0,
1250000,IMU_SAMPLE,QMI8658_2,130,,false,LOCKED,NORMAL,1250000,0.0,0.0,0.92,0,
1260000,IMU_SAMPLE,QMI8658_1,131,,false,LOCKED,NORMAL,1260000,0.0,0.0,0.92,0,
1270000,IMU_SAMPLE,QMI8658_2,132,,false,LOCKED,NORMAL,1270000,0.0,0.0,0.92,0,
1280000,IMU_SAMPLE,QMI8658_1,133,,false,LOCKED,NORMAL,1280000,0.0,0.0,0.92,0,
1290000,IMU_SAMPLE,QMI8658_2,134,,false,LOCKED,NORMAL,1290000,0.0,0.0,0.92,0,
1300000,IMU_SAMPLE,QMI8658_1,135,,false,LOCKED,NORMAL,1300000,0.0,0.0,0.92,0,
1310000,IMU_SAMPLE,QMI8658_2,136,,false,LOCKED,NORMAL,1310000,0.0,0.0,0.92,0,
1320000,IMU_SAMPLE,QMI8658_1,137,,false,LOCKED,NORMAL,1320000,0.0,0.0,0.92,0,
1330000,IMU_SAMPLE,QMI8658_2,138,,false,LOCKED,NORMAL,1330000,0.0,0.0,0.92,0,
1340000,IMU_SAMPLE,QMI8658_1,139,,false,LOCKED,NORMAL,1340000,0.0,0.0,0.92,0,
1350000,IMU_SAMPLE,QMI8658_2,140,,false,LOCKED,NORMAL,1350000,0.0,0.0,0.92,0,
1360000,IMU_SAMPLE,QMI8658_1,141,,false,LOCKED,NORMAL,1360000,0.0,0.0,0.92,0,
1370000,IMU_SAMPLE,QMI8658_2,142,,false,LOCKED,NORMAL,1370000,0.0,0.0,0.92,0,
1380000,IMU_SAMPLE,QMI8658_1,143,,false,LOCKED,NORMAL,1380000,0.0,0.0,0.92,0,
1390000,IMU_SAMPLE,QMI8658_2,144,,false,LOCKED,NORMAL,1390000,0.0,0.0,0.92,0,
1400000,IMU_SAMPLE,QMI8658_1,145,,false,LOCKED,NORMAL,1400000,0.0,0.0,0.92,0,
1410000,IMU_SAMPLE,QMI8658_2,146,,false,LOCKED,NORMAL,1410000,0.0,0.0,0.92,0,
1420000,IMU_SAMPLE,QMI8658_1,147,,false,LOCKED,NORMAL,1420000,0.0,0.0,0.92,0,
1430000,IMU_SAMPLE,QMI8658_2,148,,false,LOCKED,NORMAL,1430000,0.0,0.0,0.92,0,
1440000,IMU_SAMPLE,QMI8658_1,149,,false,LOCKED,NORMAL,1440000,0.0,0.0,0.92,0,
1450000,IMU_SAMPLE,QMI8658_2,150,,false,LOCKED,NORMAL,1450000,0.0,0.0,0.92,0,
1460000,IMU_SAMPLE,QMI8658_1,151,,false,LOCKED,NORMAL,1460000,0.0,0.0,0.92,0,
1470000,IMU_SAMPLE,QMI8658_2,152,,false,LOCKED,NORMAL,1470000,0.0,0.0,0.92,0,
1480000,IMU_SAMPLE,QMI8658_1,153,,false,LOCKED,NORMAL,1480000,0.0,0.0,0.92,0,
1490000,IMU_SAMPLE,QMI8658_2,154,,false,LOCKED,NORMAL,1490000,0.0,0.0,0.92,0,
1500000,IMU_SAMPLE,QMI8658_1,155,,false,LOCKED,NORMAL,1500000,0.0,0.0,0.92,0,
1510000,IMU_SAMPLE,QMI8658_2,156,,false,LOCKED,NORMAL,1510000,0.0,0.0,0.92,0,
1520000,IMU_SAMPLE,QMI8658_1,157,,false,LOCKED,NORMAL,1520000,0.0,0.0,0.92,0,
1530000,IMU_SAMPLE,QMI8658_2,158,,false,LOCKED,NORMAL,1530000,0.0,0.0,0.92,0,
1540000,IMU_SAMPLE,QMI8658_1,159,,false,LOCKED,NORMAL,1540000,0.0,0.0,0.92,0,
1550000,IMU_SAMPLE,QMI8658_2,160,,false,LOCKED,NORMAL,1550000,0.0,0.0,0.92,0,
1560000,IMU_SAMPLE,QMI8658_1,161,,false,LOCKED,NORMAL,1560000,0.0,0.0,0.92,0,
1570000,IMU_SAMPLE,QMI8658_2,162,,false,LOCKED,NORMAL,1570000,0.0,0.0,0.92,0,
1580000,IMU_SAMPLE,QMI8658_1,163,,false,LOCKED,NORMAL,1580000,0.0,0.0,0.92,0,
1590000,IMU_SAMPLE,QMI8658_2,164,,false,LOCKED,NORMAL,1590000,0.0,0.0,0.92,0,
1600000,IMU_SAMPLE,QMI8658_1,165,,false,LOCKED,NORMAL,1600000,0.0,0.0,0.92,0,
1610000,IMU_SAMPLE,QMI8658_2,166,,false,LOCKED,NORMAL,1610000,0.0,0.0,0.92,0,
1620000,IMU_SAMPLE,QMI8658_1,167,,false,LOCKED,NORMAL,1620000,0.0,0.0,0.92,0,
1630000,IMU_SAMPLE,QMI8658_2,168,,false,LOCKED,NORMAL,1630000,0.0,0.0,0.92,0,
1640000,IMU_SAMPLE,QMI8658_1,169,,false,LOCKED,NORMAL,1640000,0.0,0.0,0.92,0,
1650000,IMU_SAMPLE,QMI8658_2,170,,false,LOCKED,NORMAL,1650000,0.0,0.0,0.92,0,
1660000,IMU_SAMPLE,QMI8658_1,171,,false,LOCKED,NORMAL,1660000,0.0,0.0,0.92,0,
1670000,IMU_SAMPLE,QMI8658_2,172,,false,LOCKED,NORMAL,1670000,0.0,0.0,0.92,0,
1680000,IMU_SAMPLE,QMI8658_1,173,,false,LOCKED,NORMAL,1680000,0.0,0.0,0.92,0,
1690000,IMU_SAMPLE,QMI8658_2,174,,false,LOCKED,NORMAL,1690000,0.0,0.0,0.92,0,
1700000,IMU_SAMPLE,QMI8658_1,175,,false,LOCKED,NORMAL,1700000,0.0,0.0,0.92,0,
1710000,IMU_SAMPLE,QMI8658_2,176,,false,LOCKED,NORMAL,1710000,0.0,0.0,0.92,0,
1720000,IMU_SAMPLE,QMI8658_1,177,,false,LOCKED,NORMAL,1720000,0.0,0.0,0.92,0,
1730000,IMU_SAMPLE,QMI8658_2,178,,false,LOCKED,NORMAL,1730000,0.0,0.0,0.92,0,
1740000,IMU_SAMPLE,QMI8658_1,179,,false,LOCKED,NORMAL,1740000,0.0,0.0,0.92,0,
1750000,IMU_SAMPLE,QMI8658_2,180,,false,LOCKED,NORMAL,1750000,0.0,0.0,0.92,0,
1760000,IMU_SAMPLE,QMI8658_1,181,,false,LOCKED,NORMAL,1760000,0.0,0.0,0.92,0,
1770000,IMU_SAMPLE,QMI8658_2,182,,false,LOCKED,NORMAL,1770000,0.0,0.0,0.92,0,
1780000,IMU_SAMPLE,QMI8658_1,183,,false,LOCKED,NORMAL,1780000,0.0,0.0,0.92,0,
1790000,IMU_SAMPLE,QMI8658_2,184,,false,LOCKED,NORMAL,1790000,0.0,0.0,0.92,0,
1800000,IMU_SAMPLE,QMI8658_1,185,,false,LOCKED,NORMAL,1800000,0.0,0.0,0.92,0,
1810000,IMU_SAMPLE,QMI8658_2,186,,false,LOCKED,NORMAL,1810000,0.0,0.0,0.92,0,
1820000,IMU_SAMPLE,QMI8658_1,187,,false,LOCKED,NORMAL,1820000,0.0,0.0,0.92,0,
1830000,IMU_SAMPLE,QMI8658_2,188,,false,LOCKED,NORMAL,1830000,0.0,0.0,0.92,0,
1840000,IMU_SAMPLE,QMI8658_1,189,,false,LOCKED,NORMAL,1840000,0.0,0.0,0.92,0,
1850000,IMU_SAMPLE,QMI8658_2,190,,false,LOCKED,NORMAL,1850000,0.0,0.0,0.92,0,
1860000,IMU_SAMPLE,QMI8658_1,191,,false,LOCKED,NORMAL,1860000,0.0,0.0,0.92,0,
1870000,IMU_SAMPLE,QMI8658_2,192,,false,LOCKED,NORMAL,1870000,0.0,0.0,0.92,0,
1880000,IMU_SAMPLE,QMI8658_1,193,,false,LOCKED,NORMAL,1880000,0.0,0.0,0.92,0,
1890000,IMU_SAMPLE,QMI8658_2,194,,false,LOCKED,NORMAL,1890000,0.0,0.0,0.92,0,
1900000,IMU_SAMPLE,QMI8658_1,195,,false,LOCKED,NORMAL,1900000,0.0,0.0,0.92,0,
1910000,IMU_SAMPLE,QMI8658_2,196,,false,LOCKED,NORMAL,1910000,0.0,0.0,0.92,0,
1920000,IMU_SAMPLE,QMI8658_1,197,,false,LOCKED,NORMAL,1920000,0.0,0.0,0.92,0,
1930000,IMU_SAMPLE,QMI8658_2,198,,false,LOCKED,NORMAL,1930000,0.0,0.0,0.92,0,
1940000,IMU_SAMPLE,QMI8658_1,199,,false,LOCKED,NORMAL,1940000,0.0,0.0,0.92,0,
1950000,IMU_SAMPLE,QMI8658_2,200,,false,LOCKED,NORMAL,1950000,0.0,0.0,0.92,0,
1960000,IMU_SAMPLE,QMI8658_1,201,,false,LOCKED,NORMAL,1960000,0.0,0.0,0.92,0,
1970000,IMU_SAMPLE,QMI8658_2,202,,false,LOCKED,NORMAL,1970000,0.0,0.0,0.92,0,
1980000,IMU_SAMPLE,QMI8658_1,203,,false,LOCKED,NORMAL,1980000,0.0,0.0,0.92,0,
1990000,IMU_SAMPLE,QMI8658_2,204,,false,LOCKED,NORMAL,1990000,0.0,0.0,0.92,0,
2000000,PPS_EDGE,BOARD_PPS,205,,false,LOCKED,NORMAL,2000000,0.0,0.0,0.93,0.0,PPS authority edge
2000000,GNSS_STATUS,GNSS_F9P,206,,false,LOCKED,NORMAL,2000000,0.0,0.0,0.93,0,GNSS status + position sample; not time authority
2000000,IMU_SAMPLE,QMI8658_1,207,,false,LOCKED,NORMAL,2000000,0.0,0.0,0.93,0,
2010000,IMU_SAMPLE,QMI8658_2,208,,false,LOCKED,NORMAL,2010000,0.0,0.0,0.93,0,
2020000,IMU_SAMPLE,QMI8658_1,209,,false,LOCKED,NORMAL,2020000,0.0,0.0,0.93,0,
2030000,IMU_SAMPLE,QMI8658_2,210,,false,LOCKED,NORMAL,2030000,0.0,0.0,0.93,0,
2040000,IMU_SAMPLE,QMI8658_1,211,,false,LOCKED,NORMAL,2040000,0.0,0.0,0.93,0,
2050000,IMU_SAMPLE,QMI8658_2,212,,false,LOCKED,NORMAL,2050000,0.0,0.0,0.93,0,
2060000,IMU_SAMPLE,QMI8658_1,213,,false,LOCKED,NORMAL,2060000,0.0,0.0,0.93,0,
2070000,IMU_SAMPLE,QMI8658_2,214,,false,LOCKED,NORMAL,2070000,0.0,0.0,0.93,0,
2080000,IMU_SAMPLE,QMI8658_1,215,,false,LOCKED,NORMAL,2080000,0.0,0.0,0.93,0,
2090000,IMU_SAMPLE,QMI8658_2,216,,false,LOCKED,NORMAL,2090000,0.0,0.0,0.93,0,
2100000,IMU_SAMPLE,QMI8658_1,217,,false,LOCKED,NORMAL,2100000,0.0,0.0,0.93,0,
2110000,IMU_SAMPLE,QMI8658_2,218,,false,LOCKED,NORMAL,2110000,0.0,0.0,0.93,0,
2120000,IMU_SAMPLE,QMI8658_1,219,,false,LOCKED,NORMAL,2120000,0.0,0.0,0.93,0,
2130000,IMU_SAMPLE,QMI8658_2,220,,false,LOCKED,NORMAL,2130000,0.0,0.0,0.93,0,
2140000,IMU_SAMPLE,QMI8658_1,221,,false,LOCKED,NORMAL,2140000,0.0,0.0,0.93,0,
2150000,IMU_SAMPLE,QMI8658_2,222,,false,LOCKED,NORMAL,2150000,0.0,0.0,0.93,0,
2160000,IMU_SAMPLE,QMI8658_1,223,,false,LOCKED,NORMAL,2160000,0.0,0.0,0.93,0,
2170000,IMU_SAMPLE,QMI8658_2,224,,false,LOCKED,NORMAL,2170000,0.0,0.0,0.93,0,
2180000,IMU_SAMPLE,QMI8658_1,225,,false,LOCKED,NORMAL,2180000,0.0,0.0,0.93,0,
2190000,IMU_SAMPLE,QMI8658_2,226,,false,LOCKED,NORMAL,2190000,0.0,0.0,0.93,0,
2200000,IMU_SAMPLE,QMI8658_1,227,,false,LOCKED,NORMAL,2200000,0.0,0.0,0.93,0,
2210000,IMU_SAMPLE,QMI8658_2,228,,false,LOCKED,NORMAL,2210000,0.0,0.0,0.93,0,
2220000,IMU_SAMPLE,QMI8658_1,229,,false,LOCKED,NORMAL,2220000,0.0,0.0,0.93,0,
2230000,IMU_SAMPLE,QMI8658_2,230,,false,LOCKED,NORMAL,2230000,0.0,0.0,0.93,0,
2240000,IMU_SAMPLE,QMI8658_1,231,,false,LOCKED,NORMAL,2240000,0.0,0.0,0.93,0,
2250000,IMU_SAMPLE,QMI8658_2,232,,false,LOCKED,NORMAL,2250000,0.0,0.0,0.93,0,
2260000,IMU_SAMPLE,QMI8658_1,233,,false,LOCKED,NORMAL,2260000,0.0,0.0,0.93,0,
2270000,IMU_SAMPLE,QMI8658_2,234,,false,LOCKED,NORMAL,2270000,0.0,0.0,0.93,0,
2280000,IMU_SAMPLE,QMI8658_1,235,,false,LOCKED,NORMAL,2280000,0.0,0.0,0.93,0,
2290000,IMU_SAMPLE,QMI8658_2,236,,false,LOCKED,NORMAL,2290000,0.0,0.0,0.93,0,
2300000,IMU_SAMPLE,QMI8658_1,237,,false,LOCKED,NORMAL,2300000,0.0,0.0,0.93,0,
2310000,IMU_SAMPLE,QMI8658_2,238,,false,LOCKED,NORMAL,2310000,0.0,0.0,0.93,0,
2320000,IMU_SAMPLE,QMI8658_1,239,,false,LOCKED,NORMAL,2320000,0.0,0.0,0.93,0,
2330000,IMU_SAMPLE,QMI8658_2,240,,false,LOCKED,NORMAL,2330000,0.0,0.0,0.93,0,
2340000,IMU_SAMPLE,QMI8658_1,241,,false,LOCKED,NORMAL,2340000,0.0,0.0,0.93,0,
2350000,IMU_SAMPLE,QMI8658_2,242,,false,LOCKED,NORMAL,2350000,0.0,0.0,0.93,0,
2360000,IMU_SAMPLE,QMI8658_1,243,,false,LOCKED,NORMAL,2360000,0.0,0.0,0.93,0,
2370000,IMU_SAMPLE,QMI8658_2,244,,false,LOCKED,NORMAL,2370000,0.0,0.0,0.93,0,
2380000,IMU_SAMPLE,QMI8658_1,245,,false,LOCKED,NORMAL,2380000,0.0,0.0,0.93,0,
2390000,IMU_SAMPLE,QMI8658_2,246,,false,LOCKED,NORMAL,2390000,0.0,0.0,0.93,0,
2400000,IMU_SAMPLE,QMI8658_1,247,,false,LOCKED,NORMAL,2400000,0.0,0.0,0.93,0,
2410000,IMU_SAMPLE,QMI8658_2,248,,false,LOCKED,NORMAL,2410000,0.0,0.0,0.93,0,
2420000,IMU_SAMPLE,QMI8658_1,249,,false,LOCKED,NORMAL,2420000,0.0,0.0,0.93,0,
2430000,IMU_SAMPLE,QMI8658_2,250,,false,LOCKED,NORMAL,2430000,0.0,0.0,0.93,0,
2440000,IMU_SAMPLE,QMI8658_1,251,,false,LOCKED,NORMAL,2440000,0.0,0.0,0.93,0,
2450000,IMU_SAMPLE,QMI8658_2,252,,false,LOCKED,NORMAL,2450000,0.0,0.0,0.93,0,
2460000,IMU_SAMPLE,QMI8658_1,253,,false,LOCKED,NORMAL,2460000,0.0,0.0,0.93,0,
2470000,IMU_SAMPLE,QMI8658_2,254,,false,LOCKED,NORMAL,2470000,0.0,0.0,0.93,0,
2480000,IMU_SAMPLE,QMI8658_1,255,,false,LOCKED,NORMAL,2480000,0.0,0.0,0.93,0,
2490000,IMU_SAMPLE,QMI8658_2,256,,false,LOCKED,NORMAL,2490000,0.0,0.0,0.93,0,
2500000,IMU_SAMPLE,QMI8658_1,260,257-259,true,LOCKED,NORMAL,2500000,0.0,0.0,0.93,0,intentional IMU seq gap before this row: missing seq 257-259
2510000,IMU_SAMPLE,QMI8658_2,261,,false,LOCKED,NORMAL,2510000,0.0,0.0,0.93,0,
2520000,IMU_SAMPLE,QMI8658_1,262,,false,LOCKED,NORMAL,2520000,0.0,0.0,0.93,0,
2530000,IMU_SAMPLE,QMI8658_2,263,,false,LOCKED,NORMAL,2530000,0.0,0.0,0.93,0,
2540000,IMU_SAMPLE,QMI8658_1,264,,false,LOCKED,NORMAL,2540000,0.0,0.0,0.93,0,
2550000,IMU_SAMPLE,QMI8658_2,265,,false,LOCKED,NORMAL,2550000,0.0,0.0,0.93,0,
2560000,IMU_SAMPLE,QMI8658_1,266,,false,LOCKED,NORMAL,2560000,0.0,0.0,0.93,0,
2570000,IMU_SAMPLE,QMI8658_2,267,,false,LOCKED,NORMAL,2570000,0.0,0.0,0.93,0,
2580000,IMU_SAMPLE,QMI8658_1,268,,false,LOCKED,NORMAL,2580000,0.0,0.0,0.93,0,
2590000,IMU_SAMPLE,QMI8658_2,269,,false,LOCKED,NORMAL,2590000,0.0,0.0,0.93,0,
2600000,IMU_SAMPLE,QMI8658_1,270,,false,LOCKED,NORMAL,2600000,0.0,0.0,0.93,0,
2610000,IMU_SAMPLE,QMI8658_2,271,,false,LOCKED,NORMAL,2610000,0.0,0.0,0.93,0,
2620000,IMU_SAMPLE,QMI8658_1,272,,false,LOCKED,NORMAL,2620000,0.0,0.0,0.93,0,
2630000,IMU_SAMPLE,QMI8658_2,273,,false,LOCKED,NORMAL,2630000,0.0,0.0,0.93,0,
2640000,IMU_SAMPLE,QMI8658_1,274,,false,LOCKED,NORMAL,2640000,0.0,0.0,0.93,0,
2650000,IMU_SAMPLE,QMI8658_2,275,,false,LOCKED,NORMAL,2650000,0.0,0.0,0.93,0,
2660000,IMU_SAMPLE,QMI8658_1,276,,false,LOCKED,NORMAL,2660000,0.0,0.0,0.93,0,
2670000,IMU_SAMPLE,QMI8658_2,277,,false,LOCKED,NORMAL,2670000,0.0,0.0,0.93,0,
2680000,IMU_SAMPLE,QMI8658_1,278,,false,LOCKED,NORMAL,2680000,0.0,0.0,0.93,0,
2690000,IMU_SAMPLE,QMI8658_2,279,,false,LOCKED,NORMAL,2690000,0.0,0.0,0.93,0,
2700000,IMU_SAMPLE,QMI8658_1,280,,false,LOCKED,NORMAL,2700000,0.0,0.0,0.93,0,
2710000,IMU_SAMPLE,QMI8658_2,281,,false,LOCKED,NORMAL,2710000,0.0,0.0,0.93,0,
2720000,IMU_SAMPLE,QMI8658_1,282,,false,LOCKED,NORMAL,2720000,0.0,0.0,0.93,0,
2730000,IMU_SAMPLE,QMI8658_2,283,,false,LOCKED,NORMAL,2730000,0.0,0.0,0.93,0,
2740000,IMU_SAMPLE,QMI8658_1,284,,false,LOCKED,NORMAL,2740000,0.0,0.0,0.93,0,
2750000,IMU_SAMPLE,QMI8658_2,285,,false,LOCKED,NORMAL,2750000,0.0,0.0,0.93,0,
2760000,IMU_SAMPLE,QMI8658_1,286,,false,LOCKED,NORMAL,2760000,0.0,0.0,0.93,0,
2770000,IMU_SAMPLE,QMI8658_2,287,,false,LOCKED,NORMAL,2770000,0.0,0.0,0.93,0,
2780000,IMU_SAMPLE,QMI8658_1,288,,false,LOCKED,NORMAL,2780000,0.0,0.0,0.93,0,
2790000,IMU_SAMPLE,QMI8658_2,289,,false,LOCKED,NORMAL,2790000,0.0,0.0,0.93,0,
2800000,IMU_SAMPLE,QMI8658_1,290,,false,LOCKED,NORMAL,2800000,0.0,0.0,0.93,0,
2810000,IMU_SAMPLE,QMI8658_2,291,,false,LOCKED,NORMAL,2810000,0.0,0.0,0.93,0,
2820000,IMU_SAMPLE,QMI8658_1,292,,false,LOCKED,NORMAL,2820000,0.0,0.0,0.93,0,
2830000,IMU_SAMPLE,QMI8658_2,293,,false,LOCKED,NORMAL,2830000,0.0,0.0,0.93,0,
2840000,IMU_SAMPLE,QMI8658_1,294,,false,LOCKED,NORMAL,2840000,0.0,0.0,0.93,0,
2850000,IMU_SAMPLE,QMI8658_2,295,,false,LOCKED,NORMAL,2850000,0.0,0.0,0.93,0,
2860000,IMU_SAMPLE,QMI8658_1,296,,false,LOCKED,NORMAL,2860000,0.0,0.0,0.93,0,
2870000,IMU_SAMPLE,QMI8658_2,297,,false,LOCKED,NORMAL,2870000,0.0,0.0,0.93,0,
2880000,IMU_SAMPLE,QMI8658_1,298,,false,LOCKED,NORMAL,2880000,0.0,0.0,0.93,0,
2890000,IMU_SAMPLE,QMI8658_2,299,,false,LOCKED,NORMAL,2890000,0.0,0.0,0.93,0,
2900000,IMU_SAMPLE,QMI8658_1,300,,false,LOCKED,NORMAL,2900000,0.0,0.0,0.93,0,
2910000,IMU_SAMPLE,QMI8658_2,301,,false,LOCKED,NORMAL,2910000,0.0,0.0,0.93,0,
2920000,IMU_SAMPLE,QMI8658_1,302,,false,LOCKED,NORMAL,2920000,0.0,0.0,0.93,0,
2930000,IMU_SAMPLE,QMI8658_2,303,,false,LOCKED,NORMAL,2930000,0.0,0.0,0.93,0,
2940000,IMU_SAMPLE,QMI8658_1,304,,false,LOCKED,NORMAL,2940000,0.0,0.0,0.93,0,
2950000,IMU_SAMPLE,QMI8658_2,305,,false,LOCKED,NORMAL,2950000,0.0,0.0,0.93,0,
2960000,IMU_SAMPLE,QMI8658_1,306,,false,LOCKED,NORMAL,2960000,0.0,0.0,0.93,0,
2970000,IMU_SAMPLE,QMI8658_2,307,,false,LOCKED,NORMAL,2970000,0.0,0.0,0.93,0,
2980000,IMU_SAMPLE,QMI8658_1,308,,false,LOCKED,NORMAL,2980000,0.0,0.0,0.93,0,
2990000,IMU_SAMPLE,QMI8658_2,309,,false,LOCKED,NORMAL,2990000,0.0,0.0,0.93,0,
3000000,PPS_LOST,BOARD_PPS,310,,false,HOLDOVER,NORMAL,3000000,0.0,0.0,0.9,0,PPS signal lost
3000000,GNSS_STATUS,GNSS_F9P,311,,false,HOLDOVER,NORMAL,3000000,0.0,0.0,0.9,0,GNSS status + position sample; not time authority
3000000,IMU_SAMPLE,QMI8658_1,312,,false,HOLDOVER,NORMAL,3000000,0.0,0.0,0.9,0,
3010000,IMU_SAMPLE,QMI8658_2,313,,false,HOLDOVER,NORMAL,3010000,0.0,0.0,0.9,0,
3020000,IMU_SAMPLE,QMI8658_1,314,,false,HOLDOVER,NORMAL,3020000,0.0,0.0,0.9,0,
3030000,IMU_SAMPLE,QMI8658_2,315,,false,HOLDOVER,NORMAL,3030000,0.0,0.0,0.9,0,
3040000,IMU_SAMPLE,QMI8658_1,316,,false,HOLDOVER,NORMAL,3040000,0.0,0.0,0.9,0,
3050000,IMU_SAMPLE,QMI8658_2,317,,false,HOLDOVER,NORMAL,3050000,0.0,0.0,0.9,0,
3060000,IMU_SAMPLE,QMI8658_1,318,,false,HOLDOVER,NORMAL,3060000,0.0,0.0,0.9,0,
3070000,IMU_SAMPLE,QMI8658_2,319,,false,HOLDOVER,NORMAL,3070000,0.0,0.0,0.9,0,
3080000,IMU_SAMPLE,QMI8658_1,320,,false,HOLDOVER,NORMAL,3080000,0.0,0.0,0.9,0,
3090000,IMU_SAMPLE,QMI8658_2,321,,false,HOLDOVER,NORMAL,3090000,0.0,0.0,0.9,0,
3100000,IMU_SAMPLE,QMI8658_1,322,,false,HOLDOVER,NORMAL,3100000,0.0,0.0,0.9,0,
3110000,IMU_SAMPLE,QMI8658_2,323,,false,HOLDOVER,NORMAL,3110000,0.0,0.0,0.9,0,
3120000,IMU_SAMPLE,QMI8658_1,324,,false,HOLDOVER,NORMAL,3120000,0.0,0.0,0.9,0,
3130000,IMU_SAMPLE,QMI8658_2,325,,false,HOLDOVER,NORMAL,3130000,0.0,0.0,0.9,0,
3140000,IMU_SAMPLE,QMI8658_1,326,,false,HOLDOVER,NORMAL,3140000,0.0,0.0,0.9,0,
3150000,IMU_SAMPLE,QMI8658_2,327,,false,HOLDOVER,NORMAL,3150000,0.0,0.0,0.9,0,
3160000,IMU_SAMPLE,QMI8658_1,328,,false,HOLDOVER,NORMAL,3160000,0.0,0.0,0.9,0,
3170000,IMU_SAMPLE,QMI8658_2,329,,false,HOLDOVER,NORMAL,3170000,0.0,0.0,0.9,0,
3180000,IMU_SAMPLE,QMI8658_1,330,,false,HOLDOVER,NORMAL,3180000,0.0,0.0,0.9,0,
3190000,IMU_SAMPLE,QMI8658_2,331,,false,HOLDOVER,NORMAL,3190000,0.0,0.0,0.9,0,
3200000,IMU_SAMPLE,QMI8658_1,332,,false,HOLDOVER,NORMAL,3200000,0.0,0.0,0.9,0,
3210000,IMU_SAMPLE,QMI8658_2,333,,false,HOLDOVER,NORMAL,3210000,0.0,0.0,0.9,0,
3220000,IMU_SAMPLE,QMI8658_1,334,,false,HOLDOVER,NORMAL,3220000,0.0,0.0,0.9,0,
3230000,IMU_SAMPLE,QMI8658_2,335,,false,HOLDOVER,NORMAL,3230000,0.0,0.0,0.9,0,
3240000,IMU_SAMPLE,QMI8658_1,336,,false,HOLDOVER,NORMAL,3240000,0.0,0.0,0.9,0,
3250000,IMU_SAMPLE,QMI8658_2,337,,false,HOLDOVER,NORMAL,3250000,0.0,0.0,0.9,0,
3260000,IMU_SAMPLE,QMI8658_1,338,,false,HOLDOVER,NORMAL,3260000,0.0,0.0,0.9,0,
3270000,IMU_SAMPLE,QMI8658_2,339,,false,HOLDOVER,NORMAL,3270000,0.0,0.0,0.9,0,
3280000,IMU_SAMPLE,QMI8658_1,340,,false,HOLDOVER,NORMAL,3280000,0.0,0.0,0.9,0,
3290000,IMU_SAMPLE,QMI8658_2,341,,false,HOLDOVER,NORMAL,3290000,0.0,0.0,0.9,0,
3300000,IMU_SAMPLE,QMI8658_1,342,,false,HOLDOVER,NORMAL,3300000,0.0,0.0,0.9,0,
3310000,IMU_SAMPLE,QMI8658_2,343,,false,HOLDOVER,NORMAL,3310000,0.0,0.0,0.9,0,
3320000,IMU_SAMPLE,QMI8658_1,344,,false,HOLDOVER,NORMAL,3320000,0.0,0.0,0.9,0,
3330000,IMU_SAMPLE,QMI8658_2,345,,false,HOLDOVER,NORMAL,3330000,0.0,0.0,0.9,0,
3340000,IMU_SAMPLE,QMI8658_1,346,,false,HOLDOVER,NORMAL,3340000,0.0,0.0,0.9,0,
3350000,IMU_SAMPLE,QMI8658_2,347,,false,HOLDOVER,NORMAL,3350000,0.0,0.0,0.9,0,
3360000,IMU_SAMPLE,QMI8658_1,348,,false,HOLDOVER,NORMAL,3360000,0.0,0.0,0.9,0,
3370000,IMU_SAMPLE,QMI8658_2,349,,false,HOLDOVER,NORMAL,3370000,0.0,0.0,0.9,0,
3380000,IMU_SAMPLE,QMI8658_1,350,,false,HOLDOVER,NORMAL,3380000,0.0,0.0,0.9,0,
3390000,IMU_SAMPLE,QMI8658_2,351,,false,HOLDOVER,NORMAL,3390000,0.0,0.0,0.9,0,
3400000,IMU_SAMPLE,QMI8658_1,352,,false,HOLDOVER,NORMAL,3400000,0.0,0.0,0.9,0,
3410000,IMU_SAMPLE,QMI8658_2,353,,false,HOLDOVER,NORMAL,3410000,0.0,0.0,0.9,0,
3420000,IMU_SAMPLE,QMI8658_1,354,,false,HOLDOVER,NORMAL,3420000,0.0,0.0,0.9,0,
3430000,IMU_SAMPLE,QMI8658_2,355,,false,HOLDOVER,NORMAL,3430000,0.0,0.0,0.9,0,
3440000,IMU_SAMPLE,QMI8658_1,356,,false,HOLDOVER,NORMAL,3440000,0.0,0.0,0.9,0,
3450000,IMU_SAMPLE,QMI8658_2,357,,false,HOLDOVER,NORMAL,3450000,0.0,0.0,0.9,0,
3460000,IMU_SAMPLE,QMI8658_1,358,,false,HOLDOVER,NORMAL,3460000,0.0,0.0,0.9,0,
3470000,IMU_SAMPLE,QMI8658_2,359,,false,HOLDOVER,NORMAL,3470000,0.0,0.0,0.9,0,
3480000,IMU_SAMPLE,QMI8658_1,360,,false,HOLDOVER,NORMAL,3480000,0.0,0.0,0.9,0,
3490000,IMU_SAMPLE,QMI8658_2,361,,false,HOLDOVER,NORMAL,3490000,0.0,0.0,0.9,0,
3500000,IMU_SAMPLE,QMI8658_1,362,,false,HOLDOVER,NORMAL,3500000,0.0,0.0,0.9,0,
3510000,IMU_SAMPLE,QMI8658_2,363,,false,HOLDOVER,NORMAL,3510000,0.0,0.0,0.9,0,
3520000,IMU_SAMPLE,QMI8658_1,364,,false,HOLDOVER,NORMAL,3520000,0.0,0.0,0.9,0,
3530000,IMU_SAMPLE,QMI8658_2,365,,false,HOLDOVER,NORMAL,3530000,0.0,0.0,0.9,0,
3540000,IMU_SAMPLE,QMI8658_1,366,,false,HOLDOVER,NORMAL,3540000,0.0,0.0,0.9,0,
3550000,IMU_SAMPLE,QMI8658_2,367,,false,HOLDOVER,NORMAL,3550000,0.0,0.0,0.9,0,
3560000,IMU_SAMPLE,QMI8658_1,368,,false,HOLDOVER,NORMAL,3560000,0.0,0.0,0.9,0,
3570000,IMU_SAMPLE,QMI8658_2,369,,false,HOLDOVER,NORMAL,3570000,0.0,0.0,0.9,0,
3580000,IMU_SAMPLE,QMI8658_1,370,,false,HOLDOVER,NORMAL,3580000,0.0,0.0,0.9,0,
3590000,IMU_SAMPLE,QMI8658_2,371,,false,HOLDOVER,NORMAL,3590000,0.0,0.0,0.9,0,
3600000,IMU_SAMPLE,QMI8658_1,372,,false,HOLDOVER,NORMAL,3600000,0.0,0.0,0.9,0,
3610000,IMU_SAMPLE,QMI8658_2,373,,false,HOLDOVER,NORMAL,3610000,0.0,0.0,0.9,0,
3620000,IMU_SAMPLE,QMI8658_1,374,,false,HOLDOVER,NORMAL,3620000,0.0,0.0,0.9,0,
3630000,IMU_SAMPLE,QMI8658_2,375,,false,HOLDOVER,NORMAL,3630000,0.0,0.0,0.9,0,
3640000,IMU_SAMPLE,QMI8658_1,376,,false,HOLDOVER,NORMAL,3640000,0.0,0.0,0.9,0,
3650000,IMU_SAMPLE,QMI8658_2,377,,false,HOLDOVER,NORMAL,3650000,0.0,0.0,0.9,0,
3660000,IMU_SAMPLE,QMI8658_1,378,,false,HOLDOVER,NORMAL,3660000,0.0,0.0,0.9,0,
3670000,IMU_SAMPLE,QMI8658_2,379,,false,HOLDOVER,NORMAL,3670000,0.0,0.0,0.9,0,
3680000,IMU_SAMPLE,QMI8658_1,380,,false,HOLDOVER,NORMAL,3680000,0.0,0.0,0.9,0,
3690000,IMU_SAMPLE,QMI8658_2,381,,false,HOLDOVER,NORMAL,3690000,0.0,0.0,0.9,0,
3700000,IMU_SAMPLE,QMI8658_1,382,,false,HOLDOVER,NORMAL,3700000,0.0,0.0,0.9,0,
3710000,IMU_SAMPLE,QMI8658_2,383,,false,HOLDOVER,NORMAL,3710000,0.0,0.0,0.9,0,
3720000,IMU_SAMPLE,QMI8658_1,384,,false,HOLDOVER,NORMAL,3720000,0.0,0.0,0.9,0,
3730000,IMU_SAMPLE,QMI8658_2,385,,false,HOLDOVER,NORMAL,3730000,0.0,0.0,0.9,0,
3740000,IMU_SAMPLE,QMI8658_1,386,,false,HOLDOVER,NORMAL,3740000,0.0,0.0,0.9,0,
3750000,IMU_SAMPLE,QMI8658_2,387,,false,HOLDOVER,NORMAL,3750000,0.0,0.0,0.9,0,
3760000,IMU_SAMPLE,QMI8658_1,388,,false,HOLDOVER,NORMAL,3760000,0.0,0.0,0.9,0,
3770000,IMU_SAMPLE,QMI8658_2,389,,false,HOLDOVER,NORMAL,3770000,0.0,0.0,0.9,0,
3780000,IMU_SAMPLE,QMI8658_1,390,,false,HOLDOVER,NORMAL,3780000,0.0,0.0,0.9,0,
3790000,IMU_SAMPLE,QMI8658_2,391,,false,HOLDOVER,NORMAL,3790000,0.0,0.0,0.9,0,
3800000,IMU_SAMPLE,QMI8658_1,392,,false,HOLDOVER,NORMAL,3800000,0.0,0.0,0.9,0,
3810000,IMU_SAMPLE,QMI8658_2,393,,false,HOLDOVER,NORMAL,3810000,0.0,0.0,0.9,0,
3820000,IMU_SAMPLE,QMI8658_1,394,,false,HOLDOVER,NORMAL,3820000,0.0,0.0,0.9,0,
3830000,IMU_SAMPLE,QMI8658_2,395,,false,HOLDOVER,NORMAL,3830000,0.0,0.0,0.9,0,
3840000,IMU_SAMPLE,QMI8658_1,396,,false,HOLDOVER,NORMAL,3840000,0.0,0.0,0.9,0,
3850000,IMU_SAMPLE,QMI8658_2,397,,false,HOLDOVER,NORMAL,3850000,0.0,0.0,0.9,0,
3860000,IMU_SAMPLE,QMI8658_1,398,,false,HOLDOVER,NORMAL,3860000,0.0,0.0,0.9,0,
3870000,IMU_SAMPLE,QMI8658_2,399,,false,HOLDOVER,NORMAL,3870000,0.0,0.0,0.9,0,
3880000,IMU_SAMPLE,QMI8658_1,400,,false,HOLDOVER,NORMAL,3880000,0.0,0.0,0.9,0,
3890000,IMU_SAMPLE,QMI8658_2,401,,false,HOLDOVER,NORMAL,3890000,0.0,0.0,0.9,0,
3900000,IMU_SAMPLE,QMI8658_1,402,,false,HOLDOVER,NORMAL,3900000,0.0,0.0,0.9,0,
3910000,IMU_SAMPLE,QMI8658_2,403,,false,HOLDOVER,NORMAL,3910000,0.0,0.0,0.9,0,
3920000,IMU_SAMPLE,QMI8658_1,404,,false,HOLDOVER,NORMAL,3920000,0.0,0.0,0.9,0,
3930000,IMU_SAMPLE,QMI8658_2,405,,false,HOLDOVER,NORMAL,3930000,0.0,0.0,0.9,0,
3940000,IMU_SAMPLE,QMI8658_1,406,,false,HOLDOVER,NORMAL,3940000,0.0,0.0,0.9,0,
3950000,IMU_SAMPLE,QMI8658_2,407,,false,HOLDOVER,NORMAL,3950000,0.0,0.0,0.9,0,
3960000,IMU_SAMPLE,QMI8658_1,408,,false,HOLDOVER,NORMAL,3960000,0.0,0.0,0.9,0,
3970000,IMU_SAMPLE,QMI8658_2,409,,false,HOLDOVER,NORMAL,3970000,0.0,0.0,0.9,0,
3980000,IMU_SAMPLE,QMI8658_1,410,,false,HOLDOVER,NORMAL,3980000,0.0,0.0,0.9,0,
3990000,IMU_SAMPLE,QMI8658_2,411,,false,HOLDOVER,NORMAL,3990000,0.0,0.0,0.9,0,
4000000,PPS_RECOVERY,BOARD_PPS,412,,false,RECOVERY,NORMAL,4000000,0.0,0.0,0.91,0.0,PPS recovered; next edge resumes authority
4000000,GNSS_STATUS,GNSS_F9P,413,,false,RECOVERY,NORMAL,4000000,0.0,0.0,0.91,0,GNSS status + position sample; not time authority
4000000,IMU_SAMPLE,QMI8658_1,414,,false,RECOVERY,NORMAL,4000000,0.0,0.0,0.91,0,
4010000,IMU_SAMPLE,QMI8658_2,415,,false,RECOVERY,NORMAL,4010000,0.0,0.0,0.91,0,
4020000,IMU_SAMPLE,QMI8658_1,416,,false,RECOVERY,NORMAL,4020000,0.0,0.0,0.91,0,
4030000,IMU_SAMPLE,QMI8658_2,417,,false,RECOVERY,NORMAL,4030000,0.0,0.0,0.91,0,
4040000,IMU_SAMPLE,QMI8658_1,418,,false,RECOVERY,NORMAL,4040000,0.0,0.0,0.91,0,
4050000,IMU_SAMPLE,QMI8658_2,419,,false,RECOVERY,NORMAL,4050000,0.0,0.0,0.91,0,
4060000,IMU_SAMPLE,QMI8658_1,420,,false,RECOVERY,NORMAL,4060000,0.0,0.0,0.91,0,
4070000,IMU_SAMPLE,QMI8658_2,421,,false,RECOVERY,NORMAL,4070000,0.0,0.0,0.91,0,
4080000,IMU_SAMPLE,QMI8658_1,422,,false,RECOVERY,NORMAL,4080000,0.0,0.0,0.91,0,
4090000,IMU_SAMPLE,QMI8658_2,423,,false,RECOVERY,NORMAL,4090000,0.0,0.0,0.91,0,
4100000,IMU_SAMPLE,QMI8658_1,424,,false,RECOVERY,NORMAL,4100000,0.0,0.0,0.91,0,
4110000,IMU_SAMPLE,QMI8658_2,425,,false,RECOVERY,NORMAL,4110000,0.0,0.0,0.91,0,
4120000,IMU_SAMPLE,QMI8658_1,426,,false,RECOVERY,NORMAL,4120000,0.0,0.0,0.91,0,
4130000,IMU_SAMPLE,QMI8658_2,427,,false,RECOVERY,NORMAL,4130000,0.0,0.0,0.91,0,
4140000,IMU_SAMPLE,QMI8658_1,428,,false,RECOVERY,NORMAL,4140000,0.0,0.0,0.91,0,
4150000,IMU_SAMPLE,QMI8658_2,429,,false,RECOVERY,NORMAL,4150000,0.0,0.0,0.91,0,
4160000,IMU_SAMPLE,QMI8658_1,430,,false,RECOVERY,NORMAL,4160000,0.0,0.0,0.91,0,
4170000,IMU_SAMPLE,QMI8658_2,431,,false,RECOVERY,NORMAL,4170000,0.0,0.0,0.91,0,
4180000,IMU_SAMPLE,QMI8658_1,432,,false,RECOVERY,NORMAL,4180000,0.0,0.0,0.91,0,
4190000,IMU_SAMPLE,QMI8658_2,433,,false,RECOVERY,NORMAL,4190000,0.0,0.0,0.91,0,
4200000,IMU_SAMPLE,QMI8658_1,434,,false,RECOVERY,NORMAL,4200000,0.0,0.0,0.91,0,
4210000,IMU_SAMPLE,QMI8658_2,435,,false,RECOVERY,NORMAL,4210000,0.0,0.0,0.91,0,
4220000,IMU_SAMPLE,QMI8658_1,436,,false,RECOVERY,NORMAL,4220000,0.0,0.0,0.91,0,
4230000,IMU_SAMPLE,QMI8658_2,437,,false,RECOVERY,NORMAL,4230000,0.0,0.0,0.91,0,
4240000,IMU_SAMPLE,QMI8658_1,438,,false,RECOVERY,NORMAL,4240000,0.0,0.0,0.91,0,
4250000,IMU_SAMPLE,QMI8658_2,439,,false,RECOVERY,NORMAL,4250000,0.0,0.0,0.91,0,
4260000,IMU_SAMPLE,QMI8658_1,440,,false,RECOVERY,NORMAL,4260000,0.0,0.0,0.91,0,
4270000,IMU_SAMPLE,QMI8658_2,441,,false,RECOVERY,NORMAL,4270000,0.0,0.0,0.91,0,
4280000,IMU_SAMPLE,QMI8658_1,442,,false,RECOVERY,NORMAL,4280000,0.0,0.0,0.91,0,
4290000,IMU_SAMPLE,QMI8658_2,443,,false,RECOVERY,NORMAL,4290000,0.0,0.0,0.91,0,
4300000,IMU_SAMPLE,QMI8658_1,444,,false,RECOVERY,NORMAL,4300000,0.0,0.0,0.91,0,
4310000,IMU_SAMPLE,QMI8658_2,445,,false,RECOVERY,NORMAL,4310000,0.0,0.0,0.91,0,
4320000,IMU_SAMPLE,QMI8658_1,446,,false,RECOVERY,NORMAL,4320000,0.0,0.0,0.91,0,
4330000,IMU_SAMPLE,QMI8658_2,447,,false,RECOVERY,NORMAL,4330000,0.0,0.0,0.91,0,
4340000,IMU_SAMPLE,QMI8658_1,448,,false,RECOVERY,NORMAL,4340000,0.0,0.0,0.91,0,
4350000,IMU_SAMPLE,QMI8658_2,449,,false,RECOVERY,NORMAL,4350000,0.0,0.0,0.91,0,
4360000,IMU_SAMPLE,QMI8658_1,450,,false,RECOVERY,NORMAL,4360000,0.0,0.0,0.91,0,
4370000,IMU_SAMPLE,QMI8658_2,451,,false,RECOVERY,NORMAL,4370000,0.0,0.0,0.91,0,
4380000,IMU_SAMPLE,QMI8658_1,452,,false,RECOVERY,NORMAL,4380000,0.0,0.0,0.91,0,
4390000,IMU_SAMPLE,QMI8658_2,453,,false,RECOVERY,NORMAL,4390000,0.0,0.0,0.91,0,
4400000,IMU_SAMPLE,QMI8658_1,454,,false,RECOVERY,NORMAL,4400000,0.0,0.0,0.91,0,
4410000,IMU_SAMPLE,QMI8658_2,455,,false,RECOVERY,NORMAL,4410000,0.0,0.0,0.91,0,
4420000,IMU_SAMPLE,QMI8658_1,456,,false,RECOVERY,NORMAL,4420000,0.0,0.0,0.91,0,
4430000,IMU_SAMPLE,QMI8658_2,457,,false,RECOVERY,NORMAL,4430000,0.0,0.0,0.91,0,
4440000,IMU_SAMPLE,QMI8658_1,458,,false,RECOVERY,NORMAL,4440000,0.0,0.0,0.91,0,
4450000,IMU_SAMPLE,QMI8658_2,459,,false,RECOVERY,NORMAL,4450000,0.0,0.0,0.91,0,
4460000,IMU_SAMPLE,QMI8658_1,460,,false,RECOVERY,NORMAL,4460000,0.0,0.0,0.91,0,
4470000,IMU_SAMPLE,QMI8658_2,461,,false,RECOVERY,NORMAL,4470000,0.0,0.0,0.91,0,
4480000,IMU_SAMPLE,QMI8658_1,462,,false,RECOVERY,NORMAL,4480000,0.0,0.0,0.91,0,
4490000,IMU_SAMPLE,QMI8658_2,463,,false,RECOVERY,NORMAL,4490000,0.0,0.0,0.91,0,
4500000,IMU_SAMPLE,QMI8658_1,464,,false,RECOVERY,NORMAL,4500000,0.0,0.0,0.91,0,
4510000,IMU_SAMPLE,QMI8658_2,465,,false,RECOVERY,NORMAL,4510000,0.0,0.0,0.91,0,
4520000,IMU_SAMPLE,QMI8658_1,466,,false,RECOVERY,NORMAL,4520000,0.0,0.0,0.91,0,
4530000,IMU_SAMPLE,QMI8658_2,467,,false,RECOVERY,NORMAL,4530000,0.0,0.0,0.91,0,
4540000,IMU_SAMPLE,QMI8658_1,468,,false,RECOVERY,NORMAL,4540000,0.0,0.0,0.91,0,
4550000,IMU_SAMPLE,QMI8658_2,469,,false,RECOVERY,NORMAL,4550000,0.0,0.0,0.91,0,
4560000,IMU_SAMPLE,QMI8658_1,470,,false,RECOVERY,NORMAL,4560000,0.0,0.0,0.91,0,
4570000,IMU_SAMPLE,QMI8658_2,471,,false,RECOVERY,NORMAL,4570000,0.0,0.0,0.91,0,
4580000,IMU_SAMPLE,QMI8658_1,472,,false,RECOVERY,NORMAL,4580000,0.0,0.0,0.91,0,
4590000,IMU_SAMPLE,QMI8658_2,473,,false,RECOVERY,NORMAL,4590000,0.0,0.0,0.91,0,
4600000,IMU_SAMPLE,QMI8658_1,474,,false,RECOVERY,NORMAL,4600000,0.0,0.0,0.91,0,
4610000,IMU_SAMPLE,QMI8658_2,475,,false,RECOVERY,NORMAL,4610000,0.0,0.0,0.91,0,
4620000,IMU_SAMPLE,QMI8658_1,476,,false,RECOVERY,NORMAL,4620000,0.0,0.0,0.91,0,
4630000,IMU_SAMPLE,QMI8658_2,477,,false,RECOVERY,NORMAL,4630000,0.0,0.0,0.91,0,
4640000,IMU_SAMPLE,QMI8658_1,478,,false,RECOVERY,NORMAL,4640000,0.0,0.0,0.91,0,
4650000,IMU_SAMPLE,QMI8658_2,479,,false,RECOVERY,NORMAL,4650000,0.0,0.0,0.91,0,
4660000,IMU_SAMPLE,QMI8658_1,480,,false,RECOVERY,NORMAL,4660000,0.0,0.0,0.91,0,
4670000,IMU_SAMPLE,QMI8658_2,481,,false,RECOVERY,NORMAL,4670000,0.0,0.0,0.91,0,
4680000,IMU_SAMPLE,QMI8658_1,482,,false,RECOVERY,NORMAL,4680000,0.0,0.0,0.91,0,
4690000,IMU_SAMPLE,QMI8658_2,483,,false,RECOVERY,NORMAL,4690000,0.0,0.0,0.91,0,
4700000,IMU_SAMPLE,QMI8658_1,484,,false,RECOVERY,NORMAL,4700000,0.0,0.0,0.91,0,
4710000,IMU_SAMPLE,QMI8658_2,485,,false,RECOVERY,NORMAL,4710000,0.0,0.0,0.91,0,
4720000,IMU_SAMPLE,QMI8658_1,486,,false,RECOVERY,NORMAL,4720000,0.0,0.0,0.91,0,
4730000,IMU_SAMPLE,QMI8658_2,487,,false,RECOVERY,NORMAL,4730000,0.0,0.0,0.91,0,
4740000,IMU_SAMPLE,QMI8658_1,488,,false,RECOVERY,NORMAL,4740000,0.0,0.0,0.91,0,
4750000,IMU_SAMPLE,QMI8658_2,489,,false,RECOVERY,NORMAL,4750000,0.0,0.0,0.91,0,
4760000,IMU_SAMPLE,QMI8658_1,490,,false,RECOVERY,NORMAL,4760000,0.0,0.0,0.91,0,
4770000,IMU_SAMPLE,QMI8658_2,491,,false,RECOVERY,NORMAL,4770000,0.0,0.0,0.91,0,
4780000,IMU_SAMPLE,QMI8658_1,492,,false,RECOVERY,NORMAL,4780000,0.0,0.0,0.91,0,
4790000,IMU_SAMPLE,QMI8658_2,493,,false,RECOVERY,NORMAL,4790000,0.0,0.0,0.91,0,
4800000,IMU_SAMPLE,QMI8658_1,494,,false,RECOVERY,NORMAL,4800000,0.0,0.0,0.91,0,
4810000,IMU_SAMPLE,QMI8658_2,495,,false,RECOVERY,NORMAL,4810000,0.0,0.0,0.91,0,
4820000,IMU_SAMPLE,QMI8658_1,496,,false,RECOVERY,NORMAL,4820000,0.0,0.0,0.91,0,
4830000,IMU_SAMPLE,QMI8658_2,497,,false,RECOVERY,NORMAL,4830000,0.0,0.0,0.91,0,
4840000,IMU_SAMPLE,QMI8658_1,498,,false,RECOVERY,NORMAL,4840000,0.0,0.0,0.91,0,
4850000,IMU_SAMPLE,QMI8658_2,499,,false,RECOVERY,NORMAL,4850000,0.0,0.0,0.91,0,
4860000,IMU_SAMPLE,QMI8658_1,500,,false,RECOVERY,NORMAL,4860000,0.0,0.0,0.91,0,
4870000,IMU_SAMPLE,QMI8658_2,501,,false,RECOVERY,NORMAL,4870000,0.0,0.0,0.91,0,
4880000,IMU_SAMPLE,QMI8658_1,502,,false,RECOVERY,NORMAL,4880000,0.0,0.0,0.91,0,
4890000,IMU_SAMPLE,QMI8658_2,503,,false,RECOVERY,NORMAL,4890000,0.0,0.0,0.91,0,
4900000,IMU_SAMPLE,QMI8658_1,504,,false,RECOVERY,NORMAL,4900000,0.0,0.0,0.91,0,
4910000,IMU_SAMPLE,QMI8658_2,505,,false,RECOVERY,NORMAL,4910000,0.0,0.0,0.91,0,
4920000,IMU_SAMPLE,QMI8658_1,506,,false,RECOVERY,NORMAL,4920000,0.0,0.0,0.91,0,
4930000,IMU_SAMPLE,QMI8658_2,507,,false,RECOVERY,NORMAL,4930000,0.0,0.0,0.91,0,
4940000,IMU_SAMPLE,QMI8658_1,508,,false,RECOVERY,NORMAL,4940000,0.0,0.0,0.91,0,
4950000,IMU_SAMPLE,QMI8658_2,509,,false,RECOVERY,NORMAL,4950000,0.0,0.0,0.91,0,
4960000,IMU_SAMPLE,QMI8658_1,510,,false,RECOVERY,NORMAL,4960000,0.0,0.0,0.91,0,
4970000,IMU_SAMPLE,QMI8658_2,511,,false,RECOVERY,NORMAL,4970000,0.0,0.0,0.91,0,
4980000,IMU_SAMPLE,QMI8658_1,512,,false,RECOVERY,NORMAL,4980000,0.0,0.0,0.91,0,
4990000,IMU_SAMPLE,QMI8658_2,513,,false,RECOVERY,NORMAL,4990000,0.0,0.0,0.91,0,
5000000,PPS_EDGE,BOARD_PPS,514,,false,LOCKED,NORMAL,5000000,0.0,0.0,0.92,0.0,PPS authority edge
5000000,GNSS_STATUS,GNSS_F9P,515,,false,LOCKED,NORMAL,5000000,0.0,0.0,0.92,0,GNSS status + position sample; not time authority
5000000,IMU_SAMPLE,QMI8658_1,516,,false,LOCKED,NORMAL,5000000,0.0,0.0,0.92,0,
5010000,IMU_SAMPLE,QMI8658_2,517,,false,LOCKED,NORMAL,5010000,0.0,0.0,0.92,0,
5020000,IMU_SAMPLE,QMI8658_1,518,,false,LOCKED,NORMAL,5020000,0.0,0.0,0.92,0,
5030000,IMU_SAMPLE,QMI8658_2,519,,false,LOCKED,NORMAL,5030000,0.0,0.0,0.92,0,
5040000,IMU_SAMPLE,QMI8658_1,520,,false,LOCKED,NORMAL,5040000,0.0,0.0,0.92,0,
5050000,IMU_SAMPLE,QMI8658_2,521,,false,LOCKED,NORMAL,5050000,0.0,0.0,0.92,0,
5060000,IMU_SAMPLE,QMI8658_1,522,,false,LOCKED,NORMAL,5060000,0.0,0.0,0.92,0,
5070000,IMU_SAMPLE,QMI8658_2,523,,false,LOCKED,NORMAL,5070000,0.0,0.0,0.92,0,
5080000,IMU_SAMPLE,QMI8658_1,524,,false,LOCKED,NORMAL,5080000,0.0,0.0,0.92,0,
5090000,IMU_SAMPLE,QMI8658_2,525,,false,LOCKED,NORMAL,5090000,0.0,0.0,0.92,0,
5100000,IMU_SAMPLE,QMI8658_1,526,,false,LOCKED,NORMAL,5100000,0.0,0.0,0.92,0,
5110000,IMU_SAMPLE,QMI8658_2,527,,false,LOCKED,NORMAL,5110000,0.0,0.0,0.92,0,
5120000,IMU_SAMPLE,QMI8658_1,528,,false,LOCKED,NORMAL,5120000,0.0,0.0,0.92,0,
5130000,IMU_SAMPLE,QMI8658_2,529,,false,LOCKED,NORMAL,5130000,0.0,0.0,0.92,0,
5140000,IMU_SAMPLE,QMI8658_1,530,,false,LOCKED,NORMAL,5140000,0.0,0.0,0.92,0,
5150000,IMU_SAMPLE,QMI8658_2,531,,false,LOCKED,NORMAL,5150000,0.0,0.0,0.92,0,
5160000,IMU_SAMPLE,QMI8658_1,532,,false,LOCKED,NORMAL,5160000,0.0,0.0,0.92,0,
5170000,IMU_SAMPLE,QMI8658_2,533,,false,LOCKED,NORMAL,5170000,0.0,0.0,0.92,0,
5180000,IMU_SAMPLE,QMI8658_1,534,,false,LOCKED,NORMAL,5180000,0.0,0.0,0.92,0,
5190000,IMU_SAMPLE,QMI8658_2,535,,false,LOCKED,NORMAL,5190000,0.0,0.0,0.92,0,
5200000,IMU_SAMPLE,QMI8658_1,536,,false,LOCKED,NORMAL,5200000,0.0,0.0,0.92,0,
5210000,IMU_SAMPLE,QMI8658_2,537,,false,LOCKED,NORMAL,5210000,0.0,0.0,0.92,0,
5220000,IMU_SAMPLE,QMI8658_1,538,,false,LOCKED,NORMAL,5220000,0.0,0.0,0.92,0,
5230000,IMU_SAMPLE,QMI8658_2,539,,false,LOCKED,NORMAL,5230000,0.0,0.0,0.92,0,
5240000,IMU_SAMPLE,QMI8658_1,540,,false,LOCKED,NORMAL,5240000,0.0,0.0,0.92,0,
5250000,IMU_SAMPLE,QMI8658_2,541,,false,LOCKED,NORMAL,5250000,0.0,0.0,0.92,0,
5260000,IMU_SAMPLE,QMI8658_1,542,,false,LOCKED,NORMAL,5260000,0.0,0.0,0.92,0,
5270000,IMU_SAMPLE,QMI8658_2,543,,false,LOCKED,NORMAL,5270000,0.0,0.0,0.92,0,
5280000,IMU_SAMPLE,QMI8658_1,544,,false,LOCKED,NORMAL,5280000,0.0,0.0,0.92,0,
5290000,IMU_SAMPLE,QMI8658_2,545,,false,LOCKED,NORMAL,5290000,0.0,0.0,0.92,0,
5300000,IMU_SAMPLE,QMI8658_1,546,,false,LOCKED,NORMAL,5300000,0.0,0.0,0.92,0,
5310000,IMU_SAMPLE,QMI8658_2,547,,false,LOCKED,NORMAL,5310000,0.0,0.0,0.92,0,
5320000,IMU_SAMPLE,QMI8658_1,548,,false,LOCKED,NORMAL,5320000,0.0,0.0,0.92,0,
5330000,IMU_SAMPLE,QMI8658_2,549,,false,LOCKED,NORMAL,5330000,0.0,0.0,0.92,0,
5340000,IMU_SAMPLE,QMI8658_1,550,,false,LOCKED,NORMAL,5340000,0.0,0.0,0.92,0,
5350000,IMU_SAMPLE,QMI8658_2,551,,false,LOCKED,NORMAL,5350000,0.0,0.0,0.92,0,
5360000,IMU_SAMPLE,QMI8658_1,552,,false,LOCKED,NORMAL,5360000,0.0,0.0,0.92,0,
5370000,IMU_SAMPLE,QMI8658_2,553,,false,LOCKED,NORMAL,5370000,0.0,0.0,0.92,0,
5380000,IMU_SAMPLE,QMI8658_1,554,,false,LOCKED,NORMAL,5380000,0.0,0.0,0.92,0,
5390000,IMU_SAMPLE,QMI8658_2,555,,false,LOCKED,NORMAL,5390000,0.0,0.0,0.92,0,
5400000,IMU_SAMPLE,QMI8658_1,556,,false,LOCKED,NORMAL,5400000,0.0,0.0,0.92,0,
5410000,IMU_SAMPLE,QMI8658_2,557,,false,LOCKED,NORMAL,5410000,0.0,0.0,0.92,0,
5420000,IMU_SAMPLE,QMI8658_1,558,,false,LOCKED,NORMAL,5420000,0.0,0.0,0.92,0,
5430000,IMU_SAMPLE,QMI8658_2,559,,false,LOCKED,NORMAL,5430000,0.0,0.0,0.92,0,
5440000,IMU_SAMPLE,QMI8658_1,560,,false,LOCKED,NORMAL,5440000,0.0,0.0,0.92,0,
5450000,IMU_SAMPLE,QMI8658_2,561,,false,LOCKED,NORMAL,5450000,0.0,0.0,0.92,0,
5460000,IMU_SAMPLE,QMI8658_1,562,,false,LOCKED,NORMAL,5460000,0.0,0.0,0.92,0,
5470000,IMU_SAMPLE,QMI8658_2,563,,false,LOCKED,NORMAL,5470000,0.0,0.0,0.92,0,
5480000,IMU_SAMPLE,QMI8658_1,564,,false,LOCKED,NORMAL,5480000,0.0,0.0,0.92,0,
5490000,IMU_SAMPLE,QMI8658_2,565,,false,LOCKED,NORMAL,5490000,0.0,0.0,0.92,0,
5500000,IMU_SAMPLE,QMI8658_1,566,,false,LOCKED,NORMAL,5500000,0.0,0.0,0.92,0,
5510000,IMU_SAMPLE,QMI8658_2,567,,false,LOCKED,NORMAL,5510000,0.0,0.0,0.92,0,
5520000,IMU_SAMPLE,QMI8658_1,568,,false,LOCKED,NORMAL,5520000,0.0,0.0,0.92,0,
5530000,IMU_SAMPLE,QMI8658_2,569,,false,LOCKED,NORMAL,5530000,0.0,0.0,0.92,0,
5540000,IMU_SAMPLE,QMI8658_1,570,,false,LOCKED,NORMAL,5540000,0.0,0.0,0.92,0,
5550000,IMU_SAMPLE,QMI8658_2,571,,false,LOCKED,NORMAL,5550000,0.0,0.0,0.92,0,
5560000,IMU_SAMPLE,QMI8658_1,572,,false,LOCKED,NORMAL,5560000,0.0,0.0,0.92,0,
5570000,IMU_SAMPLE,QMI8658_2,573,,false,LOCKED,NORMAL,5570000,0.0,0.0,0.92,0,
5580000,IMU_SAMPLE,QMI8658_1,574,,false,LOCKED,NORMAL,5580000,0.0,0.0,0.92,0,
5590000,IMU_SAMPLE,QMI8658_2,575,,false,LOCKED,NORMAL,5590000,0.0,0.0,0.92,0,
5600000,IMU_SAMPLE,QMI8658_1,576,,false,LOCKED,NORMAL,5600000,0.0,0.0,0.92,0,
5610000,IMU_SAMPLE,QMI8658_2,577,,false,LOCKED,NORMAL,5610000,0.0,0.0,0.92,0,
5620000,IMU_SAMPLE,QMI8658_1,578,,false,LOCKED,NORMAL,5620000,0.0,0.0,0.92,0,
5630000,IMU_SAMPLE,QMI8658_2,579,,false,LOCKED,NORMAL,5630000,0.0,0.0,0.92,0,
5640000,IMU_SAMPLE,QMI8658_1,580,,false,LOCKED,NORMAL,5640000,0.0,0.0,0.92,0,
5650000,IMU_SAMPLE,QMI8658_2,581,,false,LOCKED,NORMAL,5650000,0.0,0.0,0.92,0,
5660000,IMU_SAMPLE,QMI8658_1,582,,false,LOCKED,NORMAL,5660000,0.0,0.0,0.92,0,
5670000,IMU_SAMPLE,QMI8658_2,583,,false,LOCKED,NORMAL,5670000,0.0,0.0,0.92,0,
5680000,IMU_SAMPLE,QMI8658_1,584,,false,LOCKED,NORMAL,5680000,0.0,0.0,0.92,0,
5690000,IMU_SAMPLE,QMI8658_2,585,,false,LOCKED,NORMAL,5690000,0.0,0.0,0.92,0,
5700000,IMU_SAMPLE,QMI8658_1,586,,false,LOCKED,NORMAL,5700000,0.0,0.0,0.92,0,
5710000,IMU_SAMPLE,QMI8658_2,587,,false,LOCKED,NORMAL,5710000,0.0,0.0,0.92,0,
5720000,IMU_SAMPLE,QMI8658_1,588,,false,LOCKED,NORMAL,5720000,0.0,0.0,0.92,0,
5730000,IMU_SAMPLE,QMI8658_2,589,,false,LOCKED,NORMAL,5730000,0.0,0.0,0.92,0,
5740000,IMU_SAMPLE,QMI8658_1,590,,false,LOCKED,NORMAL,5740000,0.0,0.0,0.92,0,
5750000,IMU_SAMPLE,QMI8658_2,591,,false,LOCKED,NORMAL,5750000,0.0,0.0,0.92,0,
5760000,IMU_SAMPLE,QMI8658_1,592,,false,LOCKED,NORMAL,5760000,0.0,0.0,0.92,0,
5770000,IMU_SAMPLE,QMI8658_2,593,,false,LOCKED,NORMAL,5770000,0.0,0.0,0.92,0,
5780000,IMU_SAMPLE,QMI8658_1,594,,false,LOCKED,NORMAL,5780000,0.0,0.0,0.92,0,
5790000,IMU_SAMPLE,QMI8658_2,595,,false,LOCKED,NORMAL,5790000,0.0,0.0,0.92,0,
5800000,IMU_SAMPLE,QMI8658_1,596,,false,LOCKED,NORMAL,5800000,0.0,0.0,0.92,0,
5810000,IMU_SAMPLE,QMI8658_2,597,,false,LOCKED,NORMAL,5810000,0.0,0.0,0.92,0,
5820000,IMU_SAMPLE,QMI8658_1,598,,false,LOCKED,NORMAL,5820000,0.0,0.0,0.92,0,
5830000,IMU_SAMPLE,QMI8658_2,599,,false,LOCKED,NORMAL,5830000,0.0,0.0,0.92,0,
5840000,IMU_SAMPLE,QMI8658_1,600,,false,LOCKED,NORMAL,5840000,0.0,0.0,0.92,0,
5850000,IMU_SAMPLE,QMI8658_2,601,,false,LOCKED,NORMAL,5850000,0.0,0.0,0.92,0,
5860000,IMU_SAMPLE,QMI8658_1,602,,false,LOCKED,NORMAL,5860000,0.0,0.0,0.92,0,
5870000,IMU_SAMPLE,QMI8658_2,603,,false,LOCKED,NORMAL,5870000,0.0,0.0,0.92,0,
5880000,IMU_SAMPLE,QMI8658_1,604,,false,LOCKED,NORMAL,5880000,0.0,0.0,0.92,0,
5890000,IMU_SAMPLE,QMI8658_2,605,,false,LOCKED,NORMAL,5890000,0.0,0.0,0.92,0,
5900000,IMU_SAMPLE,QMI8658_1,606,,false,LOCKED,NORMAL,5900000,0.0,0.0,0.92,0,
5910000,IMU_SAMPLE,QMI8658_2,607,,false,LOCKED,NORMAL,5910000,0.0,0.0,0.92,0,
5920000,IMU_SAMPLE,QMI8658_1,608,,false,LOCKED,NORMAL,5920000,0.0,0.0,0.92,0,
5930000,IMU_SAMPLE,QMI8658_2,609,,false,LOCKED,NORMAL,5930000,0.0,0.0,0.92,0,
5940000,IMU_SAMPLE,QMI8658_1,610,,false,LOCKED,NORMAL,5940000,0.0,0.0,0.92,0,
5950000,IMU_SAMPLE,QMI8658_2,611,,false,LOCKED,NORMAL,5950000,0.0,0.0,0.92,0,
5960000,IMU_SAMPLE,QMI8658_1,612,,false,LOCKED,NORMAL,5960000,0.0,0.0,0.92,0,
5970000,IMU_SAMPLE,QMI8658_2,613,,false,LOCKED,NORMAL,5970000,0.0,0.0,0.92,0,
5980000,IMU_SAMPLE,QMI8658_1,614,,false,LOCKED,NORMAL,5980000,0.0,0.0,0.92,0,
5990000,IMU_SAMPLE,QMI8658_2,615,,false,LOCKED,NORMAL,5990000,0.0,0.0,0.92,0,
6000000,PPS_EDGE,BOARD_PPS,616,,false,LOCKED,NORMAL,6000000,0.0,0.0,0.93,0.0,PPS authority edge
6000000,GNSS_STATUS,GNSS_F9P,617,,false,LOCKED,NORMAL,6000000,0.0,0.0,0.93,0,GNSS status + position sample; not time authority
6000000,IMU_SAMPLE,QMI8658_1,618,,false,LOCKED,NORMAL,6000000,0.0,0.0,0.93,0,
